"filename", "language", "JSON with Comments", "JSON", "TypeScript", "HTML", "PostCSS", "Markdown", "XML", "Python", "comment", "blank", "total"
"c:\Users\gonca\Desktop\Gofish-Web\angular\README.md", "Markdown", 0, 0, 0, 0, 0, 36, 0, 0, 0, 24, 60
"c:\Users\gonca\Desktop\Gofish-Web\angular\angular.json", "JSON", 0, 170, 0, 0, 0, 0, 0, 0, 0, 1, 171
"c:\Users\gonca\Desktop\Gofish-Web\angular\e2e\__init__.py", "Python", 0, 0, 0, 0, 0, 0, 0, 0, 0, 1, 1
"c:\Users\gonca\Desktop\Gofish-Web\angular\e2e\conftest.py", "Python", 0, 0, 0, 0, 0, 0, 0, 50, 1, 21, 72
"c:\Users\gonca\Desktop\Gofish-Web\angular\e2e\pages\__init__.py", "Python", 0, 0, 0, 0, 0, 0, 0, 0, 0, 1, 1
"c:\Users\gonca\Desktop\Gofish-Web\angular\e2e\pages\forum_page.py", "Python", 0, 0, 0, 0, 0, 0, 0, 68, 0, 21, 89
"c:\Users\gonca\Desktop\Gofish-Web\angular\e2e\pages\map_page.py", "Python", 0, 0, 0, 0, 0, 0, 0, 223, 1, 54, 278
"c:\Users\gonca\Desktop\Gofish-Web\angular\e2e\pages\signin_page.py", "Python", 0, 0, 0, 0, 0, 0, 0, 31, 0, 10, 41
"c:\Users\gonca\Desktop\Gofish-Web\angular\e2e\tests\__init__.py", "Python", 0, 0, 0, 0, 0, 0, 0, 0, 0, 1, 1
"c:\Users\gonca\Desktop\Gofish-Web\angular\e2e\tests\test_catch_pin.py", "Python", 0, 0, 0, 0, 0, 0, 0, 39, 0, 20, 59
"c:\Users\gonca\Desktop\Gofish-Web\angular\e2e\tests\test_forum_comment.py", "Python", 0, 0, 0, 0, 0, 0, 0, 21, 0, 11, 32
"c:\Users\gonca\Desktop\Gofish-Web\angular\e2e\tests\test_forum_delete.py", "Python", 0, 0, 0, 0, 0, 0, 0, 18, 0, 12, 30
"c:\Users\gonca\Desktop\Gofish-Web\angular\e2e\tests\test_forum_report.py", "Python", 0, 0, 0, 0, 0, 0, 0, 30, 0, 13, 43
"c:\Users\gonca\Desktop\Gofish-Web\angular\e2e\tests\test_forum_vote.py", "Python", 0, 0, 0, 0, 0, 0, 0, 34, 0, 17, 51
"c:\Users\gonca\Desktop\Gofish-Web\angular\e2e\tests\test_login.py", "Python", 0, 0, 0, 0, 0, 0, 0, 9, 0, 3, 12
"c:\Users\gonca\Desktop\Gofish-Web\angular\e2e\tests\test_signin.py", "Python", 0, 0, 0, 0, 0, 0, 0, 10, 0, 7, 17
"c:\Users\gonca\Desktop\Gofish-Web\angular\package-lock.json", "JSON", 0, 9362, 0, 0, 0, 0, 0, 0, 0, 1, 9363
"c:\Users\gonca\Desktop\Gofish-Web\angular\package.json", "JSON", 0, 47, 0, 0, 0, 0, 0, 0, 0, 1, 48
"c:\Users\gonca\Desktop\Gofish-Web\angular\public\assets\images\enum-images\catch-images\bait\0.svg", "XML", 0, 0, 0, 0, 0, 0, 3, 0, 0, 0, 3
"c:\Users\gonca\Desktop\Gofish-Web\angular\public\assets\images\enum-images\catch-images\bait\1.svg", "XML", 0, 0, 0, 0, 0, 0, 3, 0, 0, 0, 3
"c:\Users\gonca\Desktop\Gofish-Web\angular\public\assets\images\enum-images\catch-images\bait\2.svg", "XML", 0, 0, 0, 0, 0, 0, 3, 0, 0, 0, 3
"c:\Users\gonca\Desktop\Gofish-Web\angular\public\assets\images\enum-images\catch-images\bait\3.svg", "XML", 0, 0, 0, 0, 0, 0, 3, 0, 0, 0, 3
"c:\Users\gonca\Desktop\Gofish-Web\angular\public\assets\images\enum-images\catch-images\bait\4.svg", "XML", 0, 0, 0, 0, 0, 0, 3, 0, 0, 0, 3
"c:\Users\gonca\Desktop\Gofish-Web\angular\public\assets\images\enum-images\catch-images\bait\5.svg", "XML", 0, 0, 0, 0, 0, 0, 3, 0, 0, 0, 3
"c:\Users\gonca\Desktop\Gofish-Web\angular\public\assets\images\enum-images\catch-images\bait\6.svg", "XML", 0, 0, 0, 0, 0, 0, 3, 0, 0, 0, 3
"c:\Users\gonca\Desktop\Gofish-Web\angular\public\assets\images\enum-images\catch-images\bait\7.svg", "XML", 0, 0, 0, 0, 0, 0, 3, 0, 0, 0, 3
"c:\Users\gonca\Desktop\Gofish-Web\angular\public\assets\images\enum-images\catch-images\bait\8.svg", "XML", 0, 0, 0, 0, 0, 0, 3, 0, 0, 0, 3
"c:\Users\gonca\Desktop\Gofish-Web\angular\public\assets\images\enum-images\catch-images\species\0.svg", "XML", 0, 0, 0, 0, 0, 0, 3, 0, 0, 0, 3
"c:\Users\gonca\Desktop\Gofish-Web\angular\public\assets\images\enum-images\catch-images\species\1.svg", "XML", 0, 0, 0, 0, 0, 0, 3, 0, 0, 0, 3
"c:\Users\gonca\Desktop\Gofish-Web\angular\public\assets\images\enum-images\catch-images\species\10.svg", "XML", 0, 0, 0, 0, 0, 0, 3, 0, 0, 0, 3
"c:\Users\gonca\Desktop\Gofish-Web\angular\public\assets\images\enum-images\catch-images\species\11.svg", "XML", 0, 0, 0, 0, 0, 0, 3, 0, 0, 0, 3
"c:\Users\gonca\Desktop\Gofish-Web\angular\public\assets\images\enum-images\catch-images\species\12.svg", "XML", 0, 0, 0, 0, 0, 0, 3, 0, 0, 0, 3
"c:\Users\gonca\Desktop\Gofish-Web\angular\public\assets\images\enum-images\catch-images\species\13.svg", "XML", 0, 0, 0, 0, 0, 0, 3, 0, 0, 0, 3
"c:\Users\gonca\Desktop\Gofish-Web\angular\public\assets\images\enum-images\catch-images\species\14.svg", "XML", 0, 0, 0, 0, 0, 0, 3, 0, 0, 0, 3
"c:\Users\gonca\Desktop\Gofish-Web\angular\public\assets\images\enum-images\catch-images\species\15.svg", "XML", 0, 0, 0, 0, 0, 0, 3, 0, 0, 0, 3
"c:\Users\gonca\Desktop\Gofish-Web\angular\public\assets\images\enum-images\catch-images\species\16.svg", "XML", 0, 0, 0, 0, 0, 0, 3, 0, 0, 0, 3
"c:\Users\gonca\Desktop\Gofish-Web\angular\public\assets\images\enum-images\catch-images\species\17.svg", "XML", 0, 0, 0, 0, 0, 0, 3, 0, 0, 0, 3
"c:\Users\gonca\Desktop\Gofish-Web\angular\public\assets\images\enum-images\catch-images\species\18.svg", "XML", 0, 0, 0, 0, 0, 0, 3, 0, 0, 0, 3
"c:\Users\gonca\Desktop\Gofish-Web\angular\public\assets\images\enum-images\catch-images\species\19.svg", "XML", 0, 0, 0, 0, 0, 0, 3, 0, 0, 0, 3
"c:\Users\gonca\Desktop\Gofish-Web\angular\public\assets\images\enum-images\catch-images\species\2.svg", "XML", 0, 0, 0, 0, 0, 0, 3, 0, 0, 0, 3
"c:\Users\gonca\Desktop\Gofish-Web\angular\public\assets\images\enum-images\catch-images\species\20.svg", "XML", 0, 0, 0, 0, 0, 0, 3, 0, 0, 0, 3
"c:\Users\gonca\Desktop\Gofish-Web\angular\public\assets\images\enum-images\catch-images\species\21.svg", "XML", 0, 0, 0, 0, 0, 0, 3, 0, 0, 0, 3
"c:\Users\gonca\Desktop\Gofish-Web\angular\public\assets\images\enum-images\catch-images\species\3.svg", "XML", 0, 0, 0, 0, 0, 0, 3, 0, 0, 0, 3
"c:\Users\gonca\Desktop\Gofish-Web\angular\public\assets\images\enum-images\catch-images\species\4.svg", "XML", 0, 0, 0, 0, 0, 0, 3, 0, 0, 0, 3
"c:\Users\gonca\Desktop\Gofish-Web\angular\public\assets\images\enum-images\catch-images\species\5.svg", "XML", 0, 0, 0, 0, 0, 0, 3, 0, 0, 0, 3
"c:\Users\gonca\Desktop\Gofish-Web\angular\public\assets\images\enum-images\catch-images\species\6.svg", "XML", 0, 0, 0, 0, 0, 0, 3, 0, 0, 0, 3
"c:\Users\gonca\Desktop\Gofish-Web\angular\public\assets\images\enum-images\catch-images\species\7.svg", "XML", 0, 0, 0, 0, 0, 0, 3, 0, 0, 0, 3
"c:\Users\gonca\Desktop\Gofish-Web\angular\public\assets\images\enum-images\catch-images\species\8.svg", "XML", 0, 0, 0, 0, 0, 0, 3, 0, 0, 0, 3
"c:\Users\gonca\Desktop\Gofish-Web\angular\public\assets\images\enum-images\catch-images\species\9.svg", "XML", 0, 0, 0, 0, 0, 0, 3, 0, 0, 0, 3
"c:\Users\gonca\Desktop\Gofish-Web\angular\public\assets\vectors\at-sign.svg", "XML", 0, 0, 0, 0, 0, 0, 50, 0, 0, 1, 51
"c:\Users\gonca\Desktop\Gofish-Web\angular\public\assets\vectors\avatar-template-dark.clr.svg", "XML", 0, 0, 0, 0, 0, 0, 5, 0, 0, 1, 6
"c:\Users\gonca\Desktop\Gofish-Web\angular\public\assets\vectors\check.dyn.svg", "XML", 0, 0, 0, 0, 0, 0, 3, 0, 0, 1, 4
"c:\Users\gonca\Desktop\Gofish-Web\angular\public\assets\vectors\check.svg", "XML", 0, 0, 0, 0, 0, 0, 44, 0, 0, 1, 45
"c:\Users\gonca\Desktop\Gofish-Web\angular\public\assets\vectors\chevrons-down-up-black.svg", "XML", 0, 0, 0, 0, 0, 0, 1, 0, 0, 0, 1
"c:\Users\gonca\Desktop\Gofish-Web\angular\public\assets\vectors\chevrons-down-up-white.svg", "XML", 0, 0, 0, 0, 0, 0, 1, 0, 0, 0, 1
"c:\Users\gonca\Desktop\Gofish-Web\angular\public\assets\vectors\circle-check.dyn.svg", "XML", 0, 0, 0, 0, 0, 0, 4, 0, 0, 1, 5
"c:\Users\gonca\Desktop\Gofish-Web\angular\public\assets\vectors\circle-dot.svg", "XML", 0, 0, 0, 0, 0, 0, 1, 0, 0, 0, 1
"c:\Users\gonca\Desktop\Gofish-Web\angular\public\assets\vectors\circle-question-mark-filled.dyn.svg", "XML", 0, 0, 0, 0, 0, 0, 10, 0, 0, 1, 11
"c:\Users\gonca\Desktop\Gofish-Web\angular\public\assets\vectors\circle-user.svg", "XML", 0, 0, 0, 0, 0, 0, 1, 0, 0, 0, 1
"c:\Users\gonca\Desktop\Gofish-Web\angular\public\assets\vectors\circle-x.dyn.svg", "XML", 0, 0, 0, 0, 0, 0, 5, 0, 0, 1, 6
"c:\Users\gonca\Desktop\Gofish-Web\angular\public\assets\vectors\circle.svg", "XML", 0, 0, 0, 0, 0, 0, 1, 0, 0, 0, 1
"c:\Users\gonca\Desktop\Gofish-Web\angular\public\assets\vectors\clear.svg", "XML", 0, 0, 0, 0, 0, 0, 60, 0, 0, 1, 61
"c:\Users\gonca\Desktop\Gofish-Web\angular\public\assets\vectors\close.svg", "XML", 0, 0, 0, 0, 0, 0, 1, 0, 0, 0, 1
"c:\Users\gonca\Desktop\Gofish-Web\angular\public\assets\vectors\facebook.svg", "XML", 0, 0, 0, 0, 0, 0, 44, 0, 0, 1, 45
"c:\Users\gonca\Desktop\Gofish-Web\angular\public\assets\vectors\fish.svg", "XML", 0, 0, 0, 0, 0, 0, 1, 0, 0, 0, 1
"c:\Users\gonca\Desktop\Gofish-Web\angular\public\assets\vectors\google.clr.svg", "XML", 0, 0, 0, 0, 0, 0, 6, 0, 0, 1, 7
"c:\Users\gonca\Desktop\Gofish-Web\angular\public\assets\vectors\guitar.svg", "XML", 0, 0, 0, 0, 0, 0, 56, 0, 0, 1, 57
"c:\Users\gonca\Desktop\Gofish-Web\angular\public\assets\vectors\hook.svg", "XML", 0, 0, 0, 0, 0, 0, 54, 0, 0, 1, 55
"c:\Users\gonca\Desktop\Gofish-Web\angular\public\assets\vectors\info.svg", "XML", 0, 0, 0, 0, 0, 0, 1, 0, 0, 0, 1
"c:\Users\gonca\Desktop\Gofish-Web\angular\public\assets\vectors\instagram.svg", "XML", 0, 0, 0, 0, 0, 0, 60, 0, 0, 1, 61
"c:\Users\gonca\Desktop\Gofish-Web\angular\public\assets\vectors\loader.dyn.svg", "XML", 0, 0, 0, 0, 0, 0, 10, 0, 0, 1, 11
"c:\Users\gonca\Desktop\Gofish-Web\angular\public\assets\vectors\locate-fixed.svg", "XML", 0, 0, 0, 0, 0, 0, 1, 0, 0, 0, 1
"c:\Users\gonca\Desktop\Gofish-Web\angular\public\assets\vectors\locate-off.svg", "XML", 0, 0, 0, 0, 0, 0, 1, 0, 0, 0, 1
"c:\Users\gonca\Desktop\Gofish-Web\angular\public\assets\vectors\locate.svg", "XML", 0, 0, 0, 0, 0, 0, 1, 0, 0, 0, 1
"c:\Users\gonca\Desktop\Gofish-Web\angular\public\assets\vectors\lock-filled.dyn.svg", "XML", 0, 0, 0, 0, 0, 0, 4, 0, 0, 1, 5
"c:\Users\gonca\Desktop\Gofish-Web\angular\public\assets\vectors\log-out.svg", "XML", 0, 0, 0, 0, 0, 0, 1, 0, 0, 1, 2
"c:\Users\gonca\Desktop\Gofish-Web\angular\public\assets\vectors\map-pin-plus.svg", "XML", 0, 0, 0, 0, 0, 0, 1, 0, 0, 0, 1
"c:\Users\gonca\Desktop\Gofish-Web\angular\public\assets\vectors\map.svg", "XML", 0, 0, 0, 0, 0, 0, 52, 0, 0, 1, 53
"c:\Users\gonca\Desktop\Gofish-Web\angular\public\assets\vectors\microsoft.clr.svg", "XML", 0, 0, 0, 0, 0, 0, 6, 0, 0, 1, 7
"c:\Users\gonca\Desktop\Gofish-Web\angular\public\assets\vectors\minus.svg", "XML", 0, 0, 0, 0, 0, 0, 1, 0, 0, 0, 1
"c:\Users\gonca\Desktop\Gofish-Web\angular\public\assets\vectors\plus.svg", "XML", 0, 0, 0, 0, 0, 0, 1, 0, 0, 0, 1
"c:\Users\gonca\Desktop\Gofish-Web\angular\public\assets\vectors\rank-1.clr.svg", "XML", 0, 0, 0, 0, 0, 0, 22, 0, 0, 1, 23
"c:\Users\gonca\Desktop\Gofish-Web\angular\public\assets\vectors\rank-2.clr.svg", "XML", 0, 0, 0, 0, 0, 0, 10, 0, 0, 1, 11
"c:\Users\gonca\Desktop\Gofish-Web\angular\public\assets\vectors\rank-3.clr.svg", "XML", 0, 0, 0, 0, 0, 0, 25, 0, 0, 1, 26
"c:\Users\gonca\Desktop\Gofish-Web\angular\public\assets\vectors\rank-4.clr.svg", "XML", 0, 0, 0, 0, 0, 0, 16, 0, 0, 1, 17
"c:\Users\gonca\Desktop\Gofish-Web\angular\public\assets\vectors\rank-5.clr.svg", "XML", 0, 0, 0, 0, 0, 0, 37, 0, 0, 1, 38
"c:\Users\gonca\Desktop\Gofish-Web\angular\public\assets\vectors\scale-filled.dyn.svg", "XML", 0, 0, 0, 0, 0, 0, 7, 0, 0, 1, 8
"c:\Users\gonca\Desktop\Gofish-Web\angular\public\assets\vectors\search.svg", "XML", 0, 0, 0, 0, 0, 0, 1, 0, 0, 0, 1
"c:\Users\gonca\Desktop\Gofish-Web\angular\public\assets\vectors\settings.svg", "XML", 0, 0, 0, 0, 0, 0, 1, 0, 0, 1, 2
"c:\Users\gonca\Desktop\Gofish-Web\angular\public\assets\vectors\shield-user.svg", "XML", 0, 0, 0, 0, 0, 0, 54, 0, 0, 1, 55
"c:\Users\gonca\Desktop\Gofish-Web\angular\public\assets\vectors\shield.svg", "XML", 0, 0, 0, 0, 0, 0, 1, 0, 0, 0, 1
"c:\Users\gonca\Desktop\Gofish-Web\angular\public\assets\vectors\star-half.svg", "XML", 0, 0, 0, 0, 0, 0, 44, 0, 0, 1, 45
"c:\Users\gonca\Desktop\Gofish-Web\angular\public\assets\vectors\star.svg", "XML", 0, 0, 0, 0, 0, 0, 44, 0, 0, 1, 45
"c:\Users\gonca\Desktop\Gofish-Web\angular\public\assets\vectors\twitter.svg", "XML", 0, 0, 0, 0, 0, 0, 44, 0, 0, 1, 45
"c:\Users\gonca\Desktop\Gofish-Web\angular\public\assets\vectors\user.svg", "XML", 0, 0, 0, 0, 0, 0, 1, 0, 0, 0, 1
"c:\Users\gonca\Desktop\Gofish-Web\angular\public\assets\vectors\warn.svg", "XML", 0, 0, 0, 0, 0, 0, 1, 0, 0, 0, 1
"c:\Users\gonca\Desktop\Gofish-Web\angular\public\assets\vectors\x.svg", "XML", 0, 0, 0, 0, 0, 0, 48, 0, 0, 1, 49
"c:\Users\gonca\Desktop\Gofish-Web\angular\public\assets\vectors\youtube.svg", "XML", 0, 0, 0, 0, 0, 0, 48, 0, 0, 1, 49
"c:\Users\gonca\Desktop\Gofish-Web\angular\src\app\app.component.css", "PostCSS", 0, 0, 0, 0, 5, 0, 0, 0, 1, 2, 8
"c:\Users\gonca\Desktop\Gofish-Web\angular\src\app\app.component.html", "HTML", 0, 0, 0, 4, 0, 0, 0, 0, 1, 2, 7
"c:\Users\gonca\Desktop\Gofish-Web\angular\src\app\app.component.ts", "TypeScript", 0, 0, 31, 0, 0, 0, 0, 0, 1, 6, 38
"c:\Users\gonca\Desktop\Gofish-Web\angular\src\app\app.config.ts", "TypeScript", 0, 0, 12, 0, 0, 0, 0, 0, 0, 2, 14
"c:\Users\gonca\Desktop\Gofish-Web\angular\src\app\app.routes.ts", "TypeScript", 0, 0, 252, 0, 0, 0, 0, 0, 13, 11, 276
"c:\Users\gonca\Desktop\Gofish-Web\angular\src\app\features\about\about.component.css", "PostCSS", 0, 0, 0, 0, 27, 0, 0, 0, 0, 7, 34
"c:\Users\gonca\Desktop\Gofish-Web\angular\src\app\features\about\about.component.html", "HTML", 0, 0, 0, 95, 0, 0, 0, 0, 5, 22, 122
"c:\Users\gonca\Desktop\Gofish-Web\angular\src\app\features\about\about.component.ts", "TypeScript", 0, 0, 10, 0, 0, 0, 0, 0, 0, 3, 13
"c:\Users\gonca\Desktop\Gofish-Web\angular\src\app\features\footer\footer.component.css", "PostCSS", 0, 0, 0, 0, 201, 0, 0, 0, 21, 46, 268
"c:\Users\gonca\Desktop\Gofish-Web\angular\src\app\features\footer\footer.component.html", "HTML", 0, 0, 0, 84, 0, 0, 0, 0, 8, 9, 101
"c:\Users\gonca\Desktop\Gofish-Web\angular\src\app\features\footer\footer.component.ts", "TypeScript", 0, 0, 24, 0, 0, 0, 0, 0, 1, 5, 30
"c:\Users\gonca\Desktop\Gofish-Web\angular\src\app\features\forum\components\forum-post\forum-post.component.css", "PostCSS", 0, 0, 0, 0, 161, 0, 0, 0, 4, 44, 209
"c:\Users\gonca\Desktop\Gofish-Web\angular\src\app\features\forum\components\forum-post\forum-post.component.html", "HTML", 0, 0, 0, 76, 0, 0, 0, 0, 13, 25, 114
"c:\Users\gonca\Desktop\Gofish-Web\angular\src\app\features\forum\components\forum-post\forum-post.component.ts", "TypeScript", 0, 0, 113, 0, 0, 0, 0, 0, 74, 20, 207
"c:\Users\gonca\Desktop\Gofish-Web\angular\src\app\features\forum\features\discover\discover.component.css", "PostCSS", 0, 0, 0, 0, 24, 0, 0, 0, 0, 7, 31
"c:\Users\gonca\Desktop\Gofish-Web\angular\src\app\features\forum\features\discover\discover.component.html", "HTML", 0, 0, 0, 20, 0, 0, 0, 0, 0, 2, 22
"c:\Users\gonca\Desktop\Gofish-Web\angular\src\app\features\forum\features\discover\discover.component.ts", "TypeScript", 0, 0, 69, 0, 0, 0, 0, 0, 47, 11, 127
"c:\Users\gonca\Desktop\Gofish-Web\angular\src\app\features\forum\features\from-friends\from-friends.component.css", "PostCSS", 0, 0, 0, 0, 24, 0, 0, 0, 0, 7, 31
"c:\Users\gonca\Desktop\Gofish-Web\angular\src\app\features\forum\features\from-friends\from-friends.component.html", "HTML", 0, 0, 0, 20, 0, 0, 0, 0, 0, 2, 22
"c:\Users\gonca\Desktop\Gofish-Web\angular\src\app\features\forum\features\from-friends\from-friends.component.ts", "TypeScript", 0, 0, 68, 0, 0, 0, 0, 0, 37, 16, 121
"c:\Users\gonca\Desktop\Gofish-Web\angular\src\app\features\forum\features\groups\children\group-posts-placeholder\group-posts-placeholder.component.css", "PostCSS", 0, 0, 0, 0, 24, 0, 0, 0, 0, 7, 31
"c:\Users\gonca\Desktop\Gofish-Web\angular\src\app\features\forum\features\groups\children\group-posts-placeholder\group-posts-placeholder.component.html", "HTML", 0, 0, 0, 20, 0, 0, 0, 0, 0, 2, 22
"c:\Users\gonca\Desktop\Gofish-Web\angular\src\app\features\forum\features\groups\children\group-posts-placeholder\group-posts-placeholder.component.ts", "TypeScript", 0, 0, 63, 0, 0, 0, 0, 0, 38, 18, 119
"c:\Users\gonca\Desktop\Gofish-Web\angular\src\app\features\forum\features\groups\children\members-group\members-group.component.css", "PostCSS", 0, 0, 0, 0, 5, 0, 0, 0, 0, 1, 6
"c:\Users\gonca\Desktop\Gofish-Web\angular\src\app\features\forum\features\groups\children\members-group\members-group.component.html", "HTML", 0, 0, 0, 12, 0, 0, 0, 0, 3, 4, 19
"c:\Users\gonca\Desktop\Gofish-Web\angular\src\app\features\forum\features\groups\children\members-group\members-group.component.ts", "TypeScript", 0, 0, 40, 0, 0, 0, 0, 0, 18, 7, 65
"c:\Users\gonca\Desktop\Gofish-Web\angular\src\app\features\forum\features\groups\components\group-member-settings-popover\group-member-settings-popover.component.css", "PostCSS", 0, 0, 0, 0, 76, 0, 0, 0, 1, 18, 95
"c:\Users\gonca\Desktop\Gofish-Web\angular\src\app\features\forum\features\groups\components\group-member-settings-popover\group-member-settings-popover.component.html", "HTML", 0, 0, 0, 53, 0, 0, 0, 0, 0, 20, 73
"c:\Users\gonca\Desktop\Gofish-Web\angular\src\app\features\forum\features\groups\components\group-member-settings-popover\group-member-settings-popover.component.ts", "TypeScript", 0, 0, 122, 0, 0, 0, 0, 0, 55, 25, 202
"c:\Users\gonca\Desktop\Gofish-Web\angular\src\app\features\forum\features\groups\components\group-popover\group-popover.component.css", "PostCSS", 0, 0, 0, 0, 76, 0, 0, 0, 1, 18, 95
"c:\Users\gonca\Desktop\Gofish-Web\angular\src\app\features\forum\features\groups\components\group-popover\group-popover.component.html", "HTML", 0, 0, 0, 33, 0, 0, 0, 0, 0, 14, 47
"c:\Users\gonca\Desktop\Gofish-Web\angular\src\app\features\forum\features\groups\components\group-popover\group-popover.component.ts", "TypeScript", 0, 0, 70, 0, 0, 0, 0, 0, 36, 14, 120
"c:\Users\gonca\Desktop\Gofish-Web\angular\src\app\features\forum\features\groups\components\user-card\user-card.component.css", "PostCSS", 0, 0, 0, 0, 17, 0, 0, 0, 0, 4, 21
"c:\Users\gonca\Desktop\Gofish-Web\angular\src\app\features\forum\features\groups\components\user-card\user-card.component.html", "HTML", 0, 0, 0, 28, 0, 0, 0, 0, 0, 7, 35
"c:\Users\gonca\Desktop\Gofish-Web\angular\src\app\features\forum\features\groups\components\user-card\user-card.component.ts", "TypeScript", 0, 0, 38, 0, 0, 0, 0, 0, 46, 13, 97
"c:\Users\gonca\Desktop\Gofish-Web\angular\src\app\features\forum\features\groups\groups.component.css", "PostCSS", 0, 0, 0, 0, 130, 0, 0, 0, 3, 37, 170
"c:\Users\gonca\Desktop\Gofish-Web\angular\src\app\features\forum\features\groups\groups.component.html", "HTML", 0, 0, 0, 72, 0, 0, 0, 0, 22, 23, 117
"c:\Users\gonca\Desktop\Gofish-Web\angular\src\app\features\forum\features\groups\groups.component.ts", "TypeScript", 0, 0, 71, 0, 0, 0, 0, 0, 46, 19, 136
"c:\Users\gonca\Desktop\Gofish-Web\angular\src\app\features\forum\features\my-groups\my-groups.component.css", "PostCSS", 0, 0, 0, 0, 161, 0, 0, 0, 5, 50, 216
"c:\Users\gonca\Desktop\Gofish-Web\angular\src\app\features\forum\features\my-groups\my-groups.component.html", "HTML", 0, 0, 0, 77, 0, 0, 0, 0, 0, 24, 101
"c:\Users\gonca\Desktop\Gofish-Web\angular\src\app\features\forum\features\my-groups\my-groups.component.ts", "TypeScript", 0, 0, 30, 0, 0, 0, 0, 0, 14, 6, 50
"c:\Users\gonca\Desktop\Gofish-Web\angular\src\app\features\forum\features\post\post-comments\post-comments.component.css", "PostCSS", 0, 0, 0, 0, 57, 0, 0, 0, 0, 12, 69
"c:\Users\gonca\Desktop\Gofish-Web\angular\src\app\features\forum\features\post\post-comments\post-comments.component.html", "HTML", 0, 0, 0, 47, 0, 0, 0, 0, 1, 6, 54
"c:\Users\gonca\Desktop\Gofish-Web\angular\src\app\features\forum\features\post\post-comments\post-comments.component.ts", "TypeScript", 0, 0, 30, 0, 0, 0, 0, 0, 23, 9, 62
"c:\Users\gonca\Desktop\Gofish-Web\angular\src\app\features\forum\features\post\post-id-placeholder\post-id-placeholder.component.css", "PostCSS", 0, 0, 0, 0, 213, 0, 0, 0, 6, 60, 279
"c:\Users\gonca\Desktop\Gofish-Web\angular\src\app\features\forum\features\post\post-id-placeholder\post-id-placeholder.component.html", "HTML", 0, 0, 0, 64, 0, 0, 0, 0, 9, 19, 92
"c:\Users\gonca\Desktop\Gofish-Web\angular\src\app\features\forum\features\post\post-id-placeholder\post-id-placeholder.component.ts", "TypeScript", 0, 0, 133, 0, 0, 0, 0, 0, 41, 32, 206
"c:\Users\gonca\Desktop\Gofish-Web\angular\src\app\features\forum\forum.component.css", "PostCSS", 0, 0, 0, 0, 33, 0, 0, 0, 0, 8, 41
"c:\Users\gonca\Desktop\Gofish-Web\angular\src\app\features\forum\forum.component.html", "HTML", 0, 0, 0, 25, 0, 0, 0, 0, 0, 3, 28
"c:\Users\gonca\Desktop\Gofish-Web\angular\src\app\features\forum\forum.component.ts", "TypeScript", 0, 0, 36, 0, 0, 0, 0, 0, 25, 8, 69
"c:\Users\gonca\Desktop\Gofish-Web\angular\src\app\features\forum\modals\delete-comment\delete-comment.component.css", "PostCSS", 0, 0, 0, 0, 63, 0, 0, 0, 0, 12, 75
"c:\Users\gonca\Desktop\Gofish-Web\angular\src\app\features\forum\modals\delete-comment\delete-comment.component.html", "HTML", 0, 0, 0, 18, 0, 0, 0, 0, 0, 6, 24
"c:\Users\gonca\Desktop\Gofish-Web\angular\src\app\features\forum\modals\delete-comment\delete-comment.component.ts", "TypeScript", 0, 0, 39, 0, 0, 0, 0, 0, 19, 9, 67
"c:\Users\gonca\Desktop\Gofish-Web\angular\src\app\features\forum\modals\delete-group\delete-group.component.css", "PostCSS", 0, 0, 0, 0, 63, 0, 0, 0, 0, 12, 75
"c:\Users\gonca\Desktop\Gofish-Web\angular\src\app\features\forum\modals\delete-group\delete-group.component.html", "HTML", 0, 0, 0, 18, 0, 0, 0, 0, 0, 6, 24
"c:\Users\gonca\Desktop\Gofish-Web\angular\src\app\features\forum\modals\delete-group\delete-group.component.ts", "TypeScript", 0, 0, 39, 0, 0, 0, 0, 0, 19, 9, 67
"c:\Users\gonca\Desktop\Gofish-Web\angular\src\app\features\forum\modals\delete-post\delete-post.component.css", "PostCSS", 0, 0, 0, 0, 63, 0, 0, 0, 0, 12, 75
"c:\Users\gonca\Desktop\Gofish-Web\angular\src\app\features\forum\modals\delete-post\delete-post.component.html", "HTML", 0, 0, 0, 18, 0, 0, 0, 0, 0, 6, 24
"c:\Users\gonca\Desktop\Gofish-Web\angular\src\app\features\forum\modals\delete-post\delete-post.component.ts", "TypeScript", 0, 0, 40, 0, 0, 0, 0, 0, 19, 9, 68
"c:\Users\gonca\Desktop\Gofish-Web\angular\src\app\features\forum\modals\exit-group\exit-group.component.css", "PostCSS", 0, 0, 0, 0, 63, 0, 0, 0, 0, 12, 75
"c:\Users\gonca\Desktop\Gofish-Web\angular\src\app\features\forum\modals\exit-group\exit-group.component.html", "HTML", 0, 0, 0, 18, 0, 0, 0, 0, 0, 6, 24
"c:\Users\gonca\Desktop\Gofish-Web\angular\src\app\features\forum\modals\exit-group\exit-group.component.ts", "TypeScript", 0, 0, 41, 0, 0, 0, 0, 0, 19, 9, 69
"c:\Users\gonca\Desktop\Gofish-Web\angular\src\app\features\forum\modals\group-create\group-create.component.css", "PostCSS", 0, 0, 0, 0, 266, 0, 0, 0, 3, 61, 330
"c:\Users\gonca\Desktop\Gofish-Web\angular\src\app\features\forum\modals\group-create\group-create.component.html", "HTML", 0, 0, 0, 98, 0, 0, 0, 0, 5, 7, 110
"c:\Users\gonca\Desktop\Gofish-Web\angular\src\app\features\forum\modals\group-create\group-create.component.ts", "TypeScript", 0, 0, 85, 0, 0, 0, 0, 0, 29, 19, 133
"c:\Users\gonca\Desktop\Gofish-Web\angular\src\app\features\forum\modals\group-invite\group-invite.component.css", "PostCSS", 0, 0, 0, 0, 75, 0, 0, 0, 0, 12, 87
"c:\Users\gonca\Desktop\Gofish-Web\angular\src\app\features\forum\modals\group-invite\group-invite.component.html", "HTML", 0, 0, 0, 75, 0, 0, 0, 0, 0, 10, 85
"c:\Users\gonca\Desktop\Gofish-Web\angular\src\app\features\forum\modals\group-invite\group-invite.component.ts", "TypeScript", 0, 0, 100, 0, 0, 0, 0, 0, 0, 13, 113
"c:\Users\gonca\Desktop\Gofish-Web\angular\src\app\features\header\components\admin-popover\admin-popover.component.css", "PostCSS", 0, 0, 0, 0, 108, 0, 0, 0, 1, 16, 125
"c:\Users\gonca\Desktop\Gofish-Web\angular\src\app\features\header\components\admin-popover\admin-popover.component.html", "HTML", 0, 0, 0, 14, 0, 0, 0, 0, 1, 2, 17
"c:\Users\gonca\Desktop\Gofish-Web\angular\src\app\features\header\components\admin-popover\admin-popover.component.ts", "TypeScript", 0, 0, 40, 0, 0, 0, 0, 0, 16, 9, 65
"c:\Users\gonca\Desktop\Gofish-Web\angular\src\app\features\header\components\header-actions\header-actions.component.css", "PostCSS", 0, 0, 0, 0, 37, 0, 0, 0, 1, 7, 45
"c:\Users\gonca\Desktop\Gofish-Web\angular\src\app\features\header\components\header-actions\header-actions.component.html", "HTML", 0, 0, 0, 44, 0, 0, 0, 0, 6, 2, 52
"c:\Users\gonca\Desktop\Gofish-Web\angular\src\app\features\header\components\header-actions\header-actions.component.ts", "TypeScript", 0, 0, 46, 0, 0, 0, 0, 0, 43, 15, 104
"c:\Users\gonca\Desktop\Gofish-Web\angular\src\app\features\header\components\nav-popover\nav-popover.component.css", "PostCSS", 0, 0, 0, 0, 51, 0, 0, 0, 4, 7, 62
"c:\Users\gonca\Desktop\Gofish-Web\angular\src\app\features\header\components\nav-popover\nav-popover.component.html", "HTML", 0, 0, 0, 51, 0, 0, 0, 0, 1, 2, 54
"c:\Users\gonca\Desktop\Gofish-Web\angular\src\app\features\header\components\nav-popover\nav-popover.component.ts", "TypeScript", 0, 0, 38, 0, 0, 0, 0, 0, 16, 9, 63
"c:\Users\gonca\Desktop\Gofish-Web\angular\src\app\features\header\components\user-popover\user-popover.component.css", "PostCSS", 0, 0, 0, 0, 108, 0, 0, 0, 1, 16, 125
"c:\Users\gonca\Desktop\Gofish-Web\angular\src\app\features\header\components\user-popover\user-popover.component.html", "HTML", 0, 0, 0, 39, 0, 0, 0, 0, 1, 6, 46
"c:\Users\gonca\Desktop\Gofish-Web\angular\src\app\features\header\components\user-popover\user-popover.component.ts", "TypeScript", 0, 0, 49, 0, 0, 0, 0, 0, 25, 12, 86
"c:\Users\gonca\Desktop\Gofish-Web\angular\src\app\features\header\header.component.css", "PostCSS", 0, 0, 0, 0, 137, 0, 0, 0, 57, 27, 221
"c:\Users\gonca\Desktop\Gofish-Web\angular\src\app\features\header\header.component.html", "HTML", 0, 0, 0, 24, 0, 0, 0, 0, 3, 2, 29
"c:\Users\gonca\Desktop\Gofish-Web\angular\src\app\features\header\header.component.ts", "TypeScript", 0, 0, 24, 0, 0, 0, 0, 0, 14, 5, 43
"c:\Users\gonca\Desktop\Gofish-Web\angular\src\app\features\home\home.component.css", "PostCSS", 0, 0, 0, 0, 156, 0, 0, 0, 13, 33, 202
"c:\Users\gonca\Desktop\Gofish-Web\angular\src\app\features\home\home.component.html", "HTML", 0, 0, 0, 154, 0, 0, 0, 0, 301, 41, 496
"c:\Users\gonca\Desktop\Gofish-Web\angular\src\app\features\home\home.component.ts", "TypeScript", 0, 0, 37, 0, 0, 0, 0, 0, 14, 11, 62
"c:\Users\gonca\Desktop\Gofish-Web\angular\src\app\features\leaderboard\leaderboard.component.css", "PostCSS", 0, 0, 0, 0, 285, 0, 0, 0, 15, 58, 358
"c:\Users\gonca\Desktop\Gofish-Web\angular\src\app\features\leaderboard\leaderboard.component.html", "HTML", 0, 0, 0, 157, 0, 0, 0, 0, 3, 3, 163
"c:\Users\gonca\Desktop\Gofish-Web\angular\src\app\features\leaderboard\leaderboard.component.ts", "TypeScript", 0, 0, 44, 0, 0, 0, 0, 0, 68, 21, 133
"c:\Users\gonca\Desktop\Gofish-Web\angular\src\app\features\map\components\choose-pin-popup\choose-pin-popup.component.css", "PostCSS", 0, 0, 0, 0, 130, 0, 0, 0, 0, 29, 159
"c:\Users\gonca\Desktop\Gofish-Web\angular\src\app\features\map\components\choose-pin-popup\choose-pin-popup.component.html", "HTML", 0, 0, 0, 80, 0, 0, 0, 0, 3, 5, 88
"c:\Users\gonca\Desktop\Gofish-Web\angular\src\app\features\map\components\choose-pin-popup\choose-pin-popup.component.ts", "TypeScript", 0, 0, 151, 0, 0, 0, 0, 0, 54, 35, 240
"c:\Users\gonca\Desktop\Gofish-Web\angular\src\app\features\map\components\cluster-details\cluster-details.component.css", "PostCSS", 0, 0, 0, 0, 280, 0, 0, 0, 17, 72, 369
"c:\Users\gonca\Desktop\Gofish-Web\angular\src\app\features\map\components\cluster-details\cluster-details.component.html", "HTML", 0, 0, 0, 18, 0, 0, 0, 0, 0, 6, 24
"c:\Users\gonca\Desktop\Gofish-Web\angular\src\app\features\map\components\cluster-details\cluster-details.component.ts", "TypeScript", 0, 0, 30, 0, 0, 0, 0, 0, 22, 11, 63
"c:\Users\gonca\Desktop\Gofish-Web\angular\src\app\features\map\components\create-pin-modals\catch-pin-modal\catch-pin-modal.component.css", "PostCSS", 0, 0, 0, 0, 240, 0, 0, 0, 2, 60, 302
"c:\Users\gonca\Desktop\Gofish-Web\angular\src\app\features\map\components\create-pin-modals\catch-pin-modal\catch-pin-modal.component.html", "HTML", 0, 0, 0, 155, 0, 0, 0, 0, 13, 27, 195
"c:\Users\gonca\Desktop\Gofish-Web\angular\src\app\features\map\components\create-pin-modals\catch-pin-modal\catch-pin-modal.component.ts", "TypeScript", 0, 0, 178, 0, 0, 0, 0, 0, 45, 45, 268
"c:\Users\gonca\Desktop\Gofish-Web\angular\src\app\features\map\components\create-pin-modals\info-pin-modal\info-pin-modal.component.css", "PostCSS", 0, 0, 0, 0, 134, 0, 0, 0, 0, 26, 160
"c:\Users\gonca\Desktop\Gofish-Web\angular\src\app\features\map\components\create-pin-modals\info-pin-modal\info-pin-modal.component.html", "HTML", 0, 0, 0, 120, 0, 0, 0, 0, 10, 30, 160
"c:\Users\gonca\Desktop\Gofish-Web\angular\src\app\features\map\components\create-pin-modals\info-pin-modal\info-pin-modal.component.ts", "TypeScript", 0, 0, 164, 0, 0, 0, 0, 0, 38, 38, 240
"c:\Users\gonca\Desktop\Gofish-Web\angular\src\app\features\map\components\create-pin-modals\warn-pin-modal\warn-pin-modal.component.css", "PostCSS", 0, 0, 0, 0, 134, 0, 0, 0, 0, 26, 160
"c:\Users\gonca\Desktop\Gofish-Web\angular\src\app\features\map\components\create-pin-modals\warn-pin-modal\warn-pin-modal.component.html", "HTML", 0, 0, 0, 108, 0, 0, 0, 0, 9, 18, 135
"c:\Users\gonca\Desktop\Gofish-Web\angular\src\app\features\map\components\create-pin-modals\warn-pin-modal\warn-pin-modal.component.ts", "TypeScript", 0, 0, 154, 0, 0, 0, 0, 0, 37, 35, 226
"c:\Users\gonca\Desktop\Gofish-Web\angular\src\app\features\map\components\delete-pin\delete-pin.component.css", "PostCSS", 0, 0, 0, 0, 63, 0, 0, 0, 0, 12, 75
"c:\Users\gonca\Desktop\Gofish-Web\angular\src\app\features\map\components\delete-pin\delete-pin.component.html", "HTML", 0, 0, 0, 18, 0, 0, 0, 0, 0, 6, 24
"c:\Users\gonca\Desktop\Gofish-Web\angular\src\app\features\map\components\delete-pin\delete-pin.component.ts", "TypeScript", 0, 0, 44, 0, 0, 0, 0, 0, 21, 9, 74
"c:\Users\gonca\Desktop\Gofish-Web\angular\src\app\features\map\components\pin-detail-panel\pin-detail-panel.component.css", "PostCSS", 0, 0, 0, 0, 307, 0, 0, 0, 15, 86, 408
"c:\Users\gonca\Desktop\Gofish-Web\angular\src\app\features\map\components\pin-detail-panel\pin-detail-panel.component.html", "HTML", 0, 0, 0, 134, 0, 0, 0, 0, 13, 40, 187
"c:\Users\gonca\Desktop\Gofish-Web\angular\src\app\features\map\components\pin-detail-panel\pin-detail-panel.component.ts", "TypeScript", 0, 0, 106, 0, 0, 0, 0, 0, 55, 31, 192
"c:\Users\gonca\Desktop\Gofish-Web\angular\src\app\features\map\map.component.css", "PostCSS", 0, 0, 0, 0, 102, 0, 0, 0, 53, 26, 181
"c:\Users\gonca\Desktop\Gofish-Web\angular\src\app\features\map\map.component.html", "HTML", 0, 0, 0, 93, 0, 0, 0, 0, 13, 7, 113
"c:\Users\gonca\Desktop\Gofish-Web\angular\src\app\features\map\map.component.ts", "TypeScript", 0, 0, 278, 0, 0, 0, 0, 0, 117, 49, 444
"c:\Users\gonca\Desktop\Gofish-Web\angular\src\app\features\map\services\map-interactions.service.ts", "TypeScript", 0, 0, 210, 0, 0, 0, 0, 0, 102, 44, 356
"c:\Users\gonca\Desktop\Gofish-Web\angular\src\app\features\map\services\map-layers.service.ts", "TypeScript", 0, 0, 92, 0, 0, 0, 0, 0, 41, 15, 148
"c:\Users\gonca\Desktop\Gofish-Web\angular\src\app\features\map\services\marker-registry.service.ts", "TypeScript", 0, 0, 36, 0, 0, 0, 0, 0, 26, 9, 71
"c:\Users\gonca\Desktop\Gofish-Web\angular\src\app\features\map\services\pin-hover-preview.service.ts", "TypeScript", 0, 0, 46, 0, 0, 0, 0, 0, 34, 10, 90
"c:\Users\gonca\Desktop\Gofish-Web\angular\src\app\features\map\services\preview-marker.service.ts", "TypeScript", 0, 0, 17, 0, 0, 0, 0, 0, 24, 7, 48
"c:\Users\gonca\Desktop\Gofish-Web\angular\src\app\features\map\services\url.service.ts", "TypeScript", 0, 0, 68, 0, 0, 0, 0, 0, 77, 23, 168
"c:\Users\gonca\Desktop\Gofish-Web\angular\src\app\features\privacy-policy\privacy-policy.component.css", "PostCSS", 0, 0, 0, 0, 59, 0, 0, 0, 7, 19, 85
"c:\Users\gonca\Desktop\Gofish-Web\angular\src\app\features\privacy-policy\privacy-policy.component.html", "HTML", 0, 0, 0, 209, 0, 0, 0, 0, 11, 79, 299
"c:\Users\gonca\Desktop\Gofish-Web\angular\src\app\features\privacy-policy\privacy-policy.component.ts", "TypeScript", 0, 0, 18, 0, 0, 0, 0, 0, 0, 3, 21
"c:\Users\gonca\Desktop\Gofish-Web\angular\src\app\features\search\components\groups-list-card\groups-list-card.component.css", "PostCSS", 0, 0, 0, 0, 48, 0, 0, 0, 1, 7, 56
"c:\Users\gonca\Desktop\Gofish-Web\angular\src\app\features\search\components\groups-list-card\groups-list-card.component.html", "HTML", 0, 0, 0, 13, 0, 0, 0, 0, 1, 2, 16
"c:\Users\gonca\Desktop\Gofish-Web\angular\src\app\features\search\components\groups-list-card\groups-list-card.component.ts", "TypeScript", 0, 0, 14, 0, 0, 0, 0, 0, 1, 3, 18
"c:\Users\gonca\Desktop\Gofish-Web\angular\src\app\features\search\components\users-list-card\users-list-card.component.css", "PostCSS", 0, 0, 0, 0, 39, 0, 0, 0, 1, 8, 48
"c:\Users\gonca\Desktop\Gofish-Web\angular\src\app\features\search\components\users-list-card\users-list-card.component.html", "HTML", 0, 0, 0, 9, 0, 0, 0, 0, 1, 2, 12
"c:\Users\gonca\Desktop\Gofish-Web\angular\src\app\features\search\components\users-list-card\users-list-card.component.ts", "TypeScript", 0, 0, 15, 0, 0, 0, 0, 0, 1, 3, 19
"c:\Users\gonca\Desktop\Gofish-Web\angular\src\app\features\search\pages\groups-list\groups-list.component.css", "PostCSS", 0, 0, 0, 0, 64, 0, 0, 0, 1, 13, 78
"c:\Users\gonca\Desktop\Gofish-Web\angular\src\app\features\search\pages\groups-list\groups-list.component.html", "HTML", 0, 0, 0, 30, 0, 0, 0, 0, 1, 2, 33
"c:\Users\gonca\Desktop\Gofish-Web\angular\src\app\features\search\pages\groups-list\groups-list.component.ts", "TypeScript", 0, 0, 73, 0, 0, 0, 0, 0, 31, 14, 118
"c:\Users\gonca\Desktop\Gofish-Web\angular\src\app\features\search\pages\users-list\users-list.component.css", "PostCSS", 0, 0, 0, 0, 64, 0, 0, 0, 1, 13, 78
"c:\Users\gonca\Desktop\Gofish-Web\angular\src\app\features\search\pages\users-list\users-list.component.html", "HTML", 0, 0, 0, 30, 0, 0, 0, 0, 1, 2, 33
"c:\Users\gonca\Desktop\Gofish-Web\angular\src\app\features\search\pages\users-list\users-list.component.ts", "TypeScript", 0, 0, 77, 0, 0, 0, 0, 0, 31, 14, 122
"c:\Users\gonca\Desktop\Gofish-Web\angular\src\app\features\search\search.component.css", "PostCSS", 0, 0, 0, 0, 79, 0, 0, 0, 1, 16, 96
"c:\Users\gonca\Desktop\Gofish-Web\angular\src\app\features\search\search.component.html", "HTML", 0, 0, 0, 19, 0, 0, 0, 0, 1, 4, 24
"c:\Users\gonca\Desktop\Gofish-Web\angular\src\app\features\search\search.component.ts", "TypeScript", 0, 0, 17, 0, 0, 0, 0, 0, 1, 3, 21
"c:\Users\gonca\Desktop\Gofish-Web\angular\src\app\features\statistics\children\reported-comment-page\reported-comment-page.component.css", "PostCSS", 0, 0, 0, 0, 294, 0, 0, 0, 0, 54, 348
"c:\Users\gonca\Desktop\Gofish-Web\angular\src\app\features\statistics\children\reported-comment-page\reported-comment-page.component.html", "HTML", 0, 0, 0, 129, 0, 0, 0, 0, 0, 33, 162
"c:\Users\gonca\Desktop\Gofish-Web\angular\src\app\features\statistics\children\reported-comment-page\reported-comment-page.component.ts", "TypeScript", 0, 0, 112, 0, 0, 0, 0, 0, 61, 29, 202
"c:\Users\gonca\Desktop\Gofish-Web\angular\src\app\features\statistics\children\reported-comments\reported-comments.component.css", "PostCSS", 0, 0, 0, 0, 61, 0, 0, 0, 0, 12, 73
"c:\Users\gonca\Desktop\Gofish-Web\angular\src\app\features\statistics\children\reported-comments\reported-comments.component.html", "HTML", 0, 0, 0, 17, 0, 0, 0, 0, 0, 2, 19
"c:\Users\gonca\Desktop\Gofish-Web\angular\src\app\features\statistics\children\reported-comments\reported-comments.component.ts", "TypeScript", 0, 0, 44, 0, 0, 0, 0, 0, 25, 12, 81
"c:\Users\gonca\Desktop\Gofish-Web\angular\src\app\features\statistics\children\reported-pin-page\reported-pin-page.component.css", "PostCSS", 0, 0, 0, 0, 317, 0, 0, 0, 0, 57, 374
"c:\Users\gonca\Desktop\Gofish-Web\angular\src\app\features\statistics\children\reported-pin-page\reported-pin-page.component.html", "HTML", 0, 0, 0, 97, 0, 0, 0, 0, 0, 27, 124
"c:\Users\gonca\Desktop\Gofish-Web\angular\src\app\features\statistics\children\reported-pin-page\reported-pin-page.component.ts", "TypeScript", 0, 0, 123, 0, 0, 0, 0, 0, 61, 29, 213
"c:\Users\gonca\Desktop\Gofish-Web\angular\src\app\features\statistics\children\reported-pins\reported-pins.component.css", "PostCSS", 0, 0, 0, 0, 84, 0, 0, 0, 0, 14, 98
"c:\Users\gonca\Desktop\Gofish-Web\angular\src\app\features\statistics\children\reported-pins\reported-pins.component.html", "HTML", 0, 0, 0, 17, 0, 0, 0, 0, 0, 2, 19
"c:\Users\gonca\Desktop\Gofish-Web\angular\src\app\features\statistics\children\reported-pins\reported-pins.component.ts", "TypeScript", 0, 0, 46, 0, 0, 0, 0, 0, 25, 12, 83
"c:\Users\gonca\Desktop\Gofish-Web\angular\src\app\features\statistics\children\stats-home\stats-home.component.css", "PostCSS", 0, 0, 0, 0, 104, 0, 0, 0, 0, 20, 124
"c:\Users\gonca\Desktop\Gofish-Web\angular\src\app\features\statistics\children\stats-home\stats-home.component.html", "HTML", 0, 0, 0, 64, 0, 0, 0, 0, 16, 41, 121
"c:\Users\gonca\Desktop\Gofish-Web\angular\src\app\features\statistics\children\stats-home\stats-home.component.ts", "TypeScript", 0, 0, 136, 0, 0, 0, 0, 0, 56, 38, 230
"c:\Users\gonca\Desktop\Gofish-Web\angular\src\app\features\statistics\children\stats-reports\stats-reports.component.css", "PostCSS", 0, 0, 0, 0, 52, 0, 0, 0, 0, 11, 63
"c:\Users\gonca\Desktop\Gofish-Web\angular\src\app\features\statistics\children\stats-reports\stats-reports.component.html", "HTML", 0, 0, 0, 22, 0, 0, 0, 0, 2, 8, 32
"c:\Users\gonca\Desktop\Gofish-Web\angular\src\app\features\statistics\children\stats-reports\stats-reports.component.ts", "TypeScript", 0, 0, 74, 0, 0, 0, 0, 0, 37, 21, 132
"c:\Users\gonca\Desktop\Gofish-Web\angular\src\app\features\statistics\components\gf-card-quick-access\gf-card-quick-access.component.css", "PostCSS", 0, 0, 0, 0, 75, 0, 0, 0, 0, 15, 90
"c:\Users\gonca\Desktop\Gofish-Web\angular\src\app\features\statistics\components\gf-card-quick-access\gf-card-quick-access.component.html", "HTML", 0, 0, 0, 49, 0, 0, 0, 0, 2, 5, 56
"c:\Users\gonca\Desktop\Gofish-Web\angular\src\app\features\statistics\components\gf-card-quick-access\gf-card-quick-access.component.ts", "TypeScript", 0, 0, 18, 0, 0, 0, 0, 0, 0, 4, 22
"c:\Users\gonca\Desktop\Gofish-Web\angular\src\app\features\statistics\components\gf-card-quick-view\gf-card-quick-view.component.css", "PostCSS", 0, 0, 0, 0, 37, 0, 0, 0, 0, 8, 45
"c:\Users\gonca\Desktop\Gofish-Web\angular\src\app\features\statistics\components\gf-card-quick-view\gf-card-quick-view.component.html", "HTML", 0, 0, 0, 50, 0, 0, 0, 0, 2, 10, 62
"c:\Users\gonca\Desktop\Gofish-Web\angular\src\app\features\statistics\components\gf-card-quick-view\gf-card-quick-view.component.ts", "TypeScript", 0, 0, 19, 0, 0, 0, 0, 0, 0, 4, 23
"c:\Users\gonca\Desktop\Gofish-Web\angular\src\app\features\statistics\statistics.component.css", "PostCSS", 0, 0, 0, 0, 31, 0, 0, 0, 0, 7, 38
"c:\Users\gonca\Desktop\Gofish-Web\angular\src\app\features\statistics\statistics.component.html", "HTML", 0, 0, 0, 21, 0, 0, 0, 0, 0, 8, 29
"c:\Users\gonca\Desktop\Gofish-Web\angular\src\app\features\statistics\statistics.component.ts", "TypeScript", 0, 0, 44, 0, 0, 0, 0, 0, 8, 12, 64
"c:\Users\gonca\Desktop\Gofish-Web\angular\src\app\features\terms-of-service\terms-of-service.component.css", "PostCSS", 0, 0, 0, 0, 56, 0, 0, 0, 7, 18, 81
"c:\Users\gonca\Desktop\Gofish-Web\angular\src\app\features\terms-of-service\terms-of-service.component.html", "HTML", 0, 0, 0, 248, 0, 0, 0, 0, 13, 81, 342
"c:\Users\gonca\Desktop\Gofish-Web\angular\src\app\features\terms-of-service\terms-of-service.component.ts", "TypeScript", 0, 0, 18, 0, 0, 0, 0, 0, 0, 4, 22
"c:\Users\gonca\Desktop\Gofish-Web\angular\src\app\features\user\auth\auth-callback\auth-callback.component.ts", "TypeScript", 0, 0, 23, 0, 0, 0, 0, 0, 1, 5, 29
"c:\Users\gonca\Desktop\Gofish-Web\angular\src\app\features\user\auth\auth-styles.css", "PostCSS", 0, 0, 0, 0, 124, 0, 0, 0, 3, 25, 152
"c:\Users\gonca\Desktop\Gofish-Web\angular\src\app\features\user\auth\reset-password\reset-password.component.css", "PostCSS", 0, 0, 0, 0, 63, 0, 0, 0, 3, 16, 82
"c:\Users\gonca\Desktop\Gofish-Web\angular\src\app\features\user\auth\reset-password\reset-password.component.html", "HTML", 0, 0, 0, 55, 0, 0, 0, 0, 4, 6, 65
"c:\Users\gonca\Desktop\Gofish-Web\angular\src\app\features\user\auth\reset-password\reset-password.component.ts", "TypeScript", 0, 0, 149, 0, 0, 0, 0, 0, 53, 23, 225
"c:\Users\gonca\Desktop\Gofish-Web\angular\src\app\features\user\auth\signin-verify\signin-verify.component.css", "PostCSS", 0, 0, 0, 0, 8, 0, 0, 0, 1, 4, 13
"c:\Users\gonca\Desktop\Gofish-Web\angular\src\app\features\user\auth\signin-verify\signin-verify.component.html", "HTML", 0, 0, 0, 45, 0, 0, 0, 0, 4, 6, 55
"c:\Users\gonca\Desktop\Gofish-Web\angular\src\app\features\user\auth\signin-verify\signin-verify.component.ts", "TypeScript", 0, 0, 92, 0, 0, 0, 0, 0, 49, 26, 167
"c:\Users\gonca\Desktop\Gofish-Web\angular\src\app\features\user\auth\signin\signin.component.css", "PostCSS", 0, 0, 0, 0, 8, 0, 0, 0, 1, 3, 12
"c:\Users\gonca\Desktop\Gofish-Web\angular\src\app\features\user\auth\signin\signin.component.html", "HTML", 0, 0, 0, 76, 0, 0, 0, 0, 25, 9, 110
"c:\Users\gonca\Desktop\Gofish-Web\angular\src\app\features\user\auth\signin\signin.component.ts", "TypeScript", 0, 0, 94, 0, 0, 0, 0, 0, 54, 26, 174
"c:\Users\gonca\Desktop\Gofish-Web\angular\src\app\features\user\auth\signup\signup.component.css", "PostCSS", 0, 0, 0, 0, 89, 0, 0, 0, 2, 22, 113
"c:\Users\gonca\Desktop\Gofish-Web\angular\src\app\features\user\auth\signup\signup.component.html", "HTML", 0, 0, 0, 128, 0, 0, 0, 0, 25, 9, 162
"c:\Users\gonca\Desktop\Gofish-Web\angular\src\app\features\user\auth\signup\signup.component.ts", "TypeScript", 0, 0, 152, 0, 0, 0, 0, 0, 84, 31, 267
"c:\Users\gonca\Desktop\Gofish-Web\angular\src\app\features\user\profile\pages\friends\components\friends-list\friends-list.component.css", "PostCSS", 0, 0, 0, 0, 8, 0, 0, 0, 1, 2, 11
"c:\Users\gonca\Desktop\Gofish-Web\angular\src\app\features\user\profile\pages\friends\components\friends-list\friends-list.component.html", "HTML", 0, 0, 0, 30, 0, 0, 0, 0, 1, 2, 33
"c:\Users\gonca\Desktop\Gofish-Web\angular\src\app\features\user\profile\pages\friends\components\friends-list\friends-list.component.ts", "TypeScript", 0, 0, 73, 0, 0, 0, 0, 0, 1, 9, 83
"c:\Users\gonca\Desktop\Gofish-Web\angular\src\app\features\user\profile\pages\friends\components\friendship-list-card\friendship-list-card.component.css", "PostCSS", 0, 0, 0, 0, 60, 0, 0, 0, 1, 12, 73
"c:\Users\gonca\Desktop\Gofish-Web\angular\src\app\features\user\profile\pages\friends\components\friendship-list-card\friendship-list-card.component.html", "HTML", 0, 0, 0, 33, 0, 0, 0, 0, 1, 3, 37
"c:\Users\gonca\Desktop\Gofish-Web\angular\src\app\features\user\profile\pages\friends\components\friendship-list-card\friendship-list-card.component.ts", "TypeScript", 0, 0, 49, 0, 0, 0, 0, 0, 1, 9, 59
"c:\Users\gonca\Desktop\Gofish-Web\angular\src\app\features\user\profile\pages\friends\components\requests-list\requests-list.component.css", "PostCSS", 0, 0, 0, 0, 8, 0, 0, 0, 1, 2, 11
"c:\Users\gonca\Desktop\Gofish-Web\angular\src\app\features\user\profile\pages\friends\components\requests-list\requests-list.component.html", "HTML", 0, 0, 0, 30, 0, 0, 0, 0, 1, 2, 33
"c:\Users\gonca\Desktop\Gofish-Web\angular\src\app\features\user\profile\pages\friends\components\requests-list\requests-list.component.ts", "TypeScript", 0, 0, 77, 0, 0, 0, 0, 0, 1, 10, 88
"c:\Users\gonca\Desktop\Gofish-Web\angular\src\app\features\user\profile\pages\friends\friends.component.css", "PostCSS", 0, 0, 0, 0, 33, 0, 0, 0, 1, 8, 42
"c:\Users\gonca\Desktop\Gofish-Web\angular\src\app\features\user\profile\pages\friends\friends.component.html", "HTML", 0, 0, 0, 16, 0, 0, 0, 0, 1, 2, 19
"c:\Users\gonca\Desktop\Gofish-Web\angular\src\app\features\user\profile\pages\friends\friends.component.ts", "TypeScript", 0, 0, 33, 0, 0, 0, 0, 0, 1, 5, 39
"c:\Users\gonca\Desktop\Gofish-Web\angular\src\app\features\user\profile\pages\groups\components\group-invites-card\group-invites-card.component.css", "PostCSS", 0, 0, 0, 0, 110, 0, 0, 0, 1, 18, 129
"c:\Users\gonca\Desktop\Gofish-Web\angular\src\app\features\user\profile\pages\groups\components\group-invites-card\group-invites-card.component.html", "HTML", 0, 0, 0, 33, 0, 0, 0, 0, 1, 6, 40
"c:\Users\gonca\Desktop\Gofish-Web\angular\src\app\features\user\profile\pages\groups\components\group-invites-card\group-invites-card.component.ts", "TypeScript", 0, 0, 48, 0, 0, 0, 0, 0, 40, 16, 104
"c:\Users\gonca\Desktop\Gofish-Web\angular\src\app\features\user\profile\pages\groups\components\group-invites-list\group-invites-list.component.css", "PostCSS", 0, 0, 0, 0, 22, 0, 0, 0, 1, 4, 27
"c:\Users\gonca\Desktop\Gofish-Web\angular\src\app\features\user\profile\pages\groups\components\group-invites-list\group-invites-list.component.html", "HTML", 0, 0, 0, 28, 0, 0, 0, 0, 1, 2, 31
"c:\Users\gonca\Desktop\Gofish-Web\angular\src\app\features\user\profile\pages\groups\components\group-invites-list\group-invites-list.component.ts", "TypeScript", 0, 0, 73, 0, 0, 0, 0, 0, 35, 16, 124
"c:\Users\gonca\Desktop\Gofish-Web\angular\src\app\features\user\profile\pages\groups\components\group-list-card\group-list-card.component.css", "PostCSS", 0, 0, 0, 0, 47, 0, 0, 0, 1, 7, 55
"c:\Users\gonca\Desktop\Gofish-Web\angular\src\app\features\user\profile\pages\groups\components\group-list-card\group-list-card.component.html", "HTML", 0, 0, 0, 19, 0, 0, 0, 0, 15, 3, 37
"c:\Users\gonca\Desktop\Gofish-Web\angular\src\app\features\user\profile\pages\groups\components\group-list-card\group-list-card.component.ts", "TypeScript", 0, 0, 34, 0, 0, 0, 0, 0, 40, 14, 88
"c:\Users\gonca\Desktop\Gofish-Web\angular\src\app\features\user\profile\pages\groups\components\groups-list\groups-list.component.css", "PostCSS", 0, 0, 0, 0, 8, 0, 0, 0, 1, 2, 11
"c:\Users\gonca\Desktop\Gofish-Web\angular\src\app\features\user\profile\pages\groups\components\groups-list\groups-list.component.html", "HTML", 0, 0, 0, 29, 0, 0, 0, 0, 1, 2, 32
"c:\Users\gonca\Desktop\Gofish-Web\angular\src\app\features\user\profile\pages\groups\components\groups-list\groups-list.component.ts", "TypeScript", 0, 0, 71, 0, 0, 0, 0, 0, 31, 15, 117
"c:\Users\gonca\Desktop\Gofish-Web\angular\src\app\features\user\profile\pages\groups\groups.component.css", "PostCSS", 0, 0, 0, 0, 33, 0, 0, 0, 1, 8, 42
"c:\Users\gonca\Desktop\Gofish-Web\angular\src\app\features\user\profile\pages\groups\groups.component.html", "HTML", 0, 0, 0, 16, 0, 0, 0, 0, 1, 2, 19
"c:\Users\gonca\Desktop\Gofish-Web\angular\src\app\features\user\profile\pages\groups\groups.component.ts", "TypeScript", 0, 0, 28, 0, 0, 0, 0, 0, 1, 5, 34
"c:\Users\gonca\Desktop\Gofish-Web\angular\src\app\features\user\profile\pages\overview\components\profile-actions-popover\profile-actions-popover.component.css", "PostCSS", 0, 0, 0, 0, 37, 0, 0, 0, 1, 3, 41
"c:\Users\gonca\Desktop\Gofish-Web\angular\src\app\features\user\profile\pages\overview\components\profile-actions-popover\profile-actions-popover.component.html", "HTML", 0, 0, 0, 17, 0, 0, 0, 0, 1, 5, 23
"c:\Users\gonca\Desktop\Gofish-Web\angular\src\app\features\user\profile\pages\overview\components\profile-actions-popover\profile-actions-popover.component.ts", "TypeScript", 0, 0, 105, 0, 0, 0, 0, 0, 46, 20, 171
"c:\Users\gonca\Desktop\Gofish-Web\angular\src\app\features\user\profile\pages\overview\components\profile-catch-pin-card\profile-catch-pin-card.component.css", "PostCSS", 0, 0, 0, 0, 68, 0, 0, 0, 3, 10, 81
"c:\Users\gonca\Desktop\Gofish-Web\angular\src\app\features\user\profile\pages\overview\components\profile-catch-pin-card\profile-catch-pin-card.component.html", "HTML", 0, 0, 0, 35, 0, 0, 0, 0, 1, 4, 40
"c:\Users\gonca\Desktop\Gofish-Web\angular\src\app\features\user\profile\pages\overview\components\profile-catch-pin-card\profile-catch-pin-card.component.ts", "TypeScript", 0, 0, 27, 0, 0, 0, 0, 0, 1, 5, 33
"c:\Users\gonca\Desktop\Gofish-Web\angular\src\app\features\user\profile\pages\overview\components\profile-show-more-modal\profile-show-more-modal.component.css", "PostCSS", 0, 0, 0, 0, 55, 0, 0, 0, 1, 11, 67
"c:\Users\gonca\Desktop\Gofish-Web\angular\src\app\features\user\profile\pages\overview\components\profile-show-more-modal\profile-show-more-modal.component.html", "HTML", 0, 0, 0, 18, 0, 0, 0, 0, 1, 5, 24
"c:\Users\gonca\Desktop\Gofish-Web\angular\src\app\features\user\profile\pages\overview\components\profile-show-more-modal\profile-show-more-modal.component.ts", "TypeScript", 0, 0, 32, 0, 0, 0, 0, 0, 1, 3, 36
"c:\Users\gonca\Desktop\Gofish-Web\angular\src\app\features\user\profile\pages\overview\components\small-friendship-carousel-card\small-friendship-carousel-card.component.css", "PostCSS", 0, 0, 0, 0, 28, 0, 0, 0, 1, 5, 34
"c:\Users\gonca\Desktop\Gofish-Web\angular\src\app\features\user\profile\pages\overview\components\small-friendship-carousel-card\small-friendship-carousel-card.component.html", "HTML", 0, 0, 0, 7, 0, 0, 0, 0, 1, 3, 11
"c:\Users\gonca\Desktop\Gofish-Web\angular\src\app\features\user\profile\pages\overview\components\small-friendship-carousel-card\small-friendship-carousel-card.component.ts", "TypeScript", 0, 0, 20, 0, 0, 0, 0, 0, 1, 5, 26
"c:\Users\gonca\Desktop\Gofish-Web\angular\src\app\features\user\profile\pages\overview\components\small-group-carousel-card\small-group-carousel-card.component.css", "PostCSS", 0, 0, 0, 0, 39, 0, 0, 0, 1, 7, 47
"c:\Users\gonca\Desktop\Gofish-Web\angular\src\app\features\user\profile\pages\overview\components\small-group-carousel-card\small-group-carousel-card.component.html", "HTML", 0, 0, 0, 7, 0, 0, 0, 0, 1, 2, 10
"c:\Users\gonca\Desktop\Gofish-Web\angular\src\app\features\user\profile\pages\overview\components\small-group-carousel-card\small-group-carousel-card.component.ts", "TypeScript", 0, 0, 19, 0, 0, 0, 0, 0, 1, 5, 25
"c:\Users\gonca\Desktop\Gofish-Web\angular\src\app\features\user\profile\pages\overview\overview.component.css", "PostCSS", 0, 0, 0, 0, 158, 0, 0, 0, 3, 31, 192
"c:\Users\gonca\Desktop\Gofish-Web\angular\src\app\features\user\profile\pages\overview\overview.component.html", "HTML", 0, 0, 0, 150, 0, 0, 0, 0, 14, 5, 169
"c:\Users\gonca\Desktop\Gofish-Web\angular\src\app\features\user\profile\pages\overview\overview.component.ts", "TypeScript", 0, 0, 112, 0, 0, 0, 0, 0, 60, 32, 204
"c:\Users\gonca\Desktop\Gofish-Web\angular\src\app\features\user\profile\pages\pins\pins.component.css", "PostCSS", 0, 0, 0, 0, 67, 0, 0, 0, 3, 16, 86
"c:\Users\gonca\Desktop\Gofish-Web\angular\src\app\features\user\profile\pages\pins\pins.component.html", "HTML", 0, 0, 0, 49, 0, 0, 0, 0, 1, 2, 52
"c:\Users\gonca\Desktop\Gofish-Web\angular\src\app\features\user\profile\pages\pins\pins.component.ts", "TypeScript", 0, 0, 110, 0, 0, 0, 0, 0, 46, 22, 178
"c:\Users\gonca\Desktop\Gofish-Web\angular\src\app\features\user\profile\profile-shell.component.css", "PostCSS", 0, 0, 0, 0, 3, 0, 0, 0, 1, 2, 6
"c:\Users\gonca\Desktop\Gofish-Web\angular\src\app\features\user\profile\profile-shell.component.html", "HTML", 0, 0, 0, 11, 0, 0, 0, 0, 1, 2, 14
"c:\Users\gonca\Desktop\Gofish-Web\angular\src\app\features\user\profile\profile-shell.component.ts", "TypeScript", 0, 0, 48, 0, 0, 0, 0, 0, 32, 9, 89
"c:\Users\gonca\Desktop\Gofish-Web\angular\src\app\features\user\profile\services\profile-context.service.ts", "TypeScript", 0, 0, 32, 0, 0, 0, 0, 0, 4, 12, 48
"c:\Users\gonca\Desktop\Gofish-Web\angular\src\app\features\user\settings\components\general\components\change-birthdate-modal\change-birthdate-modal.component.css", "PostCSS", 0, 0, 0, 0, 59, 0, 0, 0, 2, 12, 73
"c:\Users\gonca\Desktop\Gofish-Web\angular\src\app\features\user\settings\components\general\components\change-birthdate-modal\change-birthdate-modal.component.html", "HTML", 0, 0, 0, 41, 0, 0, 0, 0, 1, 6, 48
"c:\Users\gonca\Desktop\Gofish-Web\angular\src\app\features\user\settings\components\general\components\change-birthdate-modal\change-birthdate-modal.component.ts", "TypeScript", 0, 0, 79, 0, 0, 0, 0, 0, 1, 13, 93
"c:\Users\gonca\Desktop\Gofish-Web\angular\src\app\features\user\settings\components\general\components\change-displayname-modal\change-displayname-modal.component.css", "PostCSS", 0, 0, 0, 0, 29, 0, 0, 0, 1, 5, 35
"c:\Users\gonca\Desktop\Gofish-Web\angular\src\app\features\user\settings\components\general\components\change-displayname-modal\change-displayname-modal.component.html", "HTML", 0, 0, 0, 41, 0, 0, 0, 0, 1, 6, 48
"c:\Users\gonca\Desktop\Gofish-Web\angular\src\app\features\user\settings\components\general\components\change-displayname-modal\change-displayname-modal.component.ts", "TypeScript", 0, 0, 69, 0, 0, 0, 0, 0, 1, 11, 81
"c:\Users\gonca\Desktop\Gofish-Web\angular\src\app\features\user\settings\components\general\components\change-email-modal\change-email-modal.component.css", "PostCSS", 0, 0, 0, 0, 130, 0, 0, 0, 50, 30, 210
"c:\Users\gonca\Desktop\Gofish-Web\angular\src\app\features\user\settings\components\general\components\change-email-modal\change-email-modal.component.html", "HTML", 0, 0, 0, 82, 0, 0, 0, 0, 2, 9, 93
"c:\Users\gonca\Desktop\Gofish-Web\angular\src\app\features\user\settings\components\general\components\change-email-modal\change-email-modal.component.ts", "TypeScript", 0, 0, 194, 0, 0, 0, 0, 0, 4, 33, 231
"c:\Users\gonca\Desktop\Gofish-Web\angular\src\app\features\user\settings\components\general\components\change-firstname-modal\change-firstname-modal.component.css", "PostCSS", 0, 0, 0, 0, 29, 0, 0, 0, 1, 5, 35
"c:\Users\gonca\Desktop\Gofish-Web\angular\src\app\features\user\settings\components\general\components\change-firstname-modal\change-firstname-modal.component.html", "HTML", 0, 0, 0, 41, 0, 0, 0, 0, 1, 6, 48
"c:\Users\gonca\Desktop\Gofish-Web\angular\src\app\features\user\settings\components\general\components\change-firstname-modal\change-firstname-modal.component.ts", "TypeScript", 0, 0, 68, 0, 0, 0, 0, 0, 1, 10, 79
"c:\Users\gonca\Desktop\Gofish-Web\angular\src\app\features\user\settings\components\general\components\change-lastname-modal\change-lastname-modal.component.css", "PostCSS", 0, 0, 0, 0, 29, 0, 0, 0, 1, 5, 35
"c:\Users\gonca\Desktop\Gofish-Web\angular\src\app\features\user\settings\components\general\components\change-lastname-modal\change-lastname-modal.component.html", "HTML", 0, 0, 0, 41, 0, 0, 0, 0, 1, 6, 48
"c:\Users\gonca\Desktop\Gofish-Web\angular\src\app\features\user\settings\components\general\components\change-lastname-modal\change-lastname-modal.component.ts", "TypeScript", 0, 0, 68, 0, 0, 0, 0, 0, 1, 10, 79
"c:\Users\gonca\Desktop\Gofish-Web\angular\src\app\features\user\settings\components\general\components\change-phone-modal\change-phone-modal.component.css", "PostCSS", 0, 0, 0, 0, 31, 0, 0, 0, 1, 6, 38
"c:\Users\gonca\Desktop\Gofish-Web\angular\src\app\features\user\settings\components\general\components\change-phone-modal\change-phone-modal.component.html", "HTML", 0, 0, 0, 44, 0, 0, 0, 0, 1, 2, 47
"c:\Users\gonca\Desktop\Gofish-Web\angular\src\app\features\user\settings\components\general\components\change-phone-modal\change-phone-modal.component.ts", "TypeScript", 0, 0, 69, 0, 0, 0, 0, 0, 1, 10, 80
"c:\Users\gonca\Desktop\Gofish-Web\angular\src\app\features\user\settings\components\general\components\change-username-modal\change-username-modal.component.css", "PostCSS", 0, 0, 0, 0, 42, 0, 0, 0, 1, 7, 50
"c:\Users\gonca\Desktop\Gofish-Web\angular\src\app\features\user\settings\components\general\components\change-username-modal\change-username-modal.component.html", "HTML", 0, 0, 0, 46, 0, 0, 0, 0, 1, 8, 55
"c:\Users\gonca\Desktop\Gofish-Web\angular\src\app\features\user\settings\components\general\components\change-username-modal\change-username-modal.component.ts", "TypeScript", 0, 0, 69, 0, 0, 0, 0, 0, 1, 10, 80
"c:\Users\gonca\Desktop\Gofish-Web\angular\src\app\features\user\settings\components\general\components\verify-email-modal\verify-email-modal.component.css", "PostCSS", 0, 0, 0, 0, 89, 0, 0, 0, 50, 22, 161
"c:\Users\gonca\Desktop\Gofish-Web\angular\src\app\features\user\settings\components\general\components\verify-email-modal\verify-email-modal.component.html", "HTML", 0, 0, 0, 52, 0, 0, 0, 0, 2, 9, 63
"c:\Users\gonca\Desktop\Gofish-Web\angular\src\app\features\user\settings\components\general\components\verify-email-modal\verify-email-modal.component.ts", "TypeScript", 0, 0, 93, 0, 0, 0, 0, 0, 4, 17, 114
"c:\Users\gonca\Desktop\Gofish-Web\angular\src\app\features\user\settings\components\general\general.component.css", "PostCSS", 0, 0, 0, 0, 172, 0, 0, 0, 3, 34, 209
"c:\Users\gonca\Desktop\Gofish-Web\angular\src\app\features\user\settings\components\general\general.component.html", "HTML", 0, 0, 0, 209, 0, 0, 0, 0, 16, 20, 245
"c:\Users\gonca\Desktop\Gofish-Web\angular\src\app\features\user\settings\components\general\general.component.ts", "TypeScript", 0, 0, 197, 0, 0, 0, 0, 0, 9, 33, 239
"c:\Users\gonca\Desktop\Gofish-Web\angular\src\app\features\user\settings\components\personal-data\components\confirm-deletion-modal\confirm-deletion-modal.component.css", "PostCSS", 0, 0, 0, 0, 194, 0, 0, 0, 4, 35, 233
"c:\Users\gonca\Desktop\Gofish-Web\angular\src\app\features\user\settings\components\personal-data\components\confirm-deletion-modal\confirm-deletion-modal.component.html", "HTML", 0, 0, 0, 64, 0, 0, 0, 0, 5, 7, 76
"c:\Users\gonca\Desktop\Gofish-Web\angular\src\app\features\user\settings\components\personal-data\components\confirm-deletion-modal\confirm-deletion-modal.component.ts", "TypeScript", 0, 0, 58, 0, 0, 0, 0, 0, 0, 10, 68
"c:\Users\gonca\Desktop\Gofish-Web\angular\src\app\features\user\settings\components\personal-data\personal-data.component.css", "PostCSS", 0, 0, 0, 0, 48, 0, 0, 0, 2, 11, 61
"c:\Users\gonca\Desktop\Gofish-Web\angular\src\app\features\user\settings\components\personal-data\personal-data.component.html", "HTML", 0, 0, 0, 22, 0, 0, 0, 0, 1, 2, 25
"c:\Users\gonca\Desktop\Gofish-Web\angular\src\app\features\user\settings\components\personal-data\personal-data.component.ts", "TypeScript", 0, 0, 68, 0, 0, 0, 0, 0, 5, 13, 86
"c:\Users\gonca\Desktop\Gofish-Web\angular\src\app\features\user\settings\components\security\components\setup-totp\setup-totp.component.css", "PostCSS", 0, 0, 0, 0, 215, 0, 0, 0, 5, 41, 261
"c:\Users\gonca\Desktop\Gofish-Web\angular\src\app\features\user\settings\components\security\components\setup-totp\setup-totp.component.html", "HTML", 0, 0, 0, 65, 0, 0, 0, 0, 1, 2, 68
"c:\Users\gonca\Desktop\Gofish-Web\angular\src\app\features\user\settings\components\security\components\setup-totp\setup-totp.component.ts", "TypeScript", 0, 0, 87, 0, 0, 0, 0, 0, 1, 15, 103
"c:\Users\gonca\Desktop\Gofish-Web\angular\src\app\features\user\settings\components\security\components\totp-validation-modal\totp-validation-modal.component.css", "PostCSS", 0, 0, 0, 0, 194, 0, 0, 0, 4, 35, 233
"c:\Users\gonca\Desktop\Gofish-Web\angular\src\app\features\user\settings\components\security\components\totp-validation-modal\totp-validation-modal.component.html", "HTML", 0, 0, 0, 37, 0, 0, 0, 0, 6, 1, 44
"c:\Users\gonca\Desktop\Gofish-Web\angular\src\app\features\user\settings\components\security\components\totp-validation-modal\totp-validation-modal.component.ts", "TypeScript", 0, 0, 33, 0, 0, 0, 0, 0, 0, 8, 41
"c:\Users\gonca\Desktop\Gofish-Web\angular\src\app\features\user\settings\components\security\security.component.css", "PostCSS", 0, 0, 0, 0, 118, 0, 0, 0, 9, 32, 159
"c:\Users\gonca\Desktop\Gofish-Web\angular\src\app\features\user\settings\components\security\security.component.html", "HTML", 0, 0, 0, 143, 0, 0, 0, 0, 11, 2, 156
"c:\Users\gonca\Desktop\Gofish-Web\angular\src\app\features\user\settings\components\security\security.component.ts", "TypeScript", 0, 0, 238, 0, 0, 0, 0, 0, 11, 32, 281
"c:\Users\gonca\Desktop\Gofish-Web\angular\src\app\features\user\settings\settings.component.css", "PostCSS", 0, 0, 0, 0, 49, 0, 0, 0, 2, 12, 63
"c:\Users\gonca\Desktop\Gofish-Web\angular\src\app\features\user\settings\settings.component.html", "HTML", 0, 0, 0, 15, 0, 0, 0, 0, 3, 2, 20
"c:\Users\gonca\Desktop\Gofish-Web\angular\src\app\features\user\settings\settings.component.ts", "TypeScript", 0, 0, 36, 0, 0, 0, 0, 0, 1, 7, 44
"c:\Users\gonca\Desktop\Gofish-Web\angular\src\app\shared\api\auth.api.ts", "TypeScript", 0, 0, 23, 0, 0, 0, 0, 0, 1, 7, 31
"c:\Users\gonca\Desktop\Gofish-Web\angular\src\app\shared\api\group.api.ts", "TypeScript", 0, 0, 49, 0, 0, 0, 0, 0, 1, 11, 61
"c:\Users\gonca\Desktop\Gofish-Web\angular\src\app\shared\api\pin.api.ts", "TypeScript", 0, 0, 15, 0, 0, 0, 0, 0, 1, 4, 20
"c:\Users\gonca\Desktop\Gofish-Web\angular\src\app\shared\api\user-account.api.ts", "TypeScript", 0, 0, 20, 0, 0, 0, 0, 0, 1, 6, 27
"c:\Users\gonca\Desktop\Gofish-Web\angular\src\app\shared\api\user-profile.api.ts", "TypeScript", 0, 0, 33, 0, 0, 0, 0, 0, 1, 8, 42
"c:\Users\gonca\Desktop\Gofish-Web\angular\src\app\shared\api\user-security.api.ts", "TypeScript", 0, 0, 71, 0, 0, 0, 0, 0, 37, 22, 130
"c:\Users\gonca\Desktop\Gofish-Web\angular\src\app\shared\api\user.api.ts", "TypeScript", 0, 0, 97, 0, 0, 0, 0, 0, 4, 23, 124
"c:\Users\gonca\Desktop\Gofish-Web\angular\src\app\shared\components\async-button-2\async-button-2.component.css", "PostCSS", 0, 0, 0, 0, 87, 0, 0, 0, 1, 18, 106
"c:\Users\gonca\Desktop\Gofish-Web\angular\src\app\shared\components\async-button-2\async-button-2.component.html", "HTML", 0, 0, 0, 24, 0, 0, 0, 0, 1, 2, 27
"c:\Users\gonca\Desktop\Gofish-Web\angular\src\app\shared\components\async-button-2\async-button-2.component.ts", "TypeScript", 0, 0, 31, 0, 0, 0, 0, 0, 22, 8, 61
"c:\Users\gonca\Desktop\Gofish-Web\angular\src\app\shared\components\async-button-3\async-button-3.component.css", "PostCSS", 0, 0, 0, 0, 48, 0, 0, 0, 33, 13, 94
"c:\Users\gonca\Desktop\Gofish-Web\angular\src\app\shared\components\async-button-3\async-button-3.component.html", "HTML", 0, 0, 0, 15, 0, 0, 0, 0, 1, 2, 18
"c:\Users\gonca\Desktop\Gofish-Web\angular\src\app\shared\components\async-button-3\async-button-3.component.ts", "TypeScript", 0, 0, 35, 0, 0, 0, 0, 0, 22, 7, 64
"c:\Users\gonca\Desktop\Gofish-Web\angular\src\app\shared\components\async-button\async-button.component.css", "PostCSS", 0, 0, 0, 0, 79, 0, 0, 0, 4, 20, 103
"c:\Users\gonca\Desktop\Gofish-Web\angular\src\app\shared\components\async-button\async-button.component.html", "HTML", 0, 0, 0, 26, 0, 0, 0, 0, 0, 1, 27
"c:\Users\gonca\Desktop\Gofish-Web\angular\src\app\shared\components\async-button\async-button.component.ts", "TypeScript", 0, 0, 21, 0, 0, 0, 0, 0, 0, 5, 26
"c:\Users\gonca\Desktop\Gofish-Web\angular\src\app\shared\components\enum\enum.component.css", "PostCSS", 0, 0, 0, 0, 38, 0, 0, 0, 1, 13, 52
"c:\Users\gonca\Desktop\Gofish-Web\angular\src\app\shared\components\enum\enum.component.html", "HTML", 0, 0, 0, 108, 0, 0, 0, 0, 0, 2, 110
"c:\Users\gonca\Desktop\Gofish-Web\angular\src\app\shared\components\enum\enum.component.ts", "TypeScript", 0, 0, 70, 0, 0, 0, 0, 0, 7, 7, 84
"c:\Users\gonca\Desktop\Gofish-Web\angular\src\app\shared\components\gf-card-comment-preview\gf-card-comment-preview.component.css", "PostCSS", 0, 0, 0, 0, 79, 0, 0, 0, 0, 15, 94
"c:\Users\gonca\Desktop\Gofish-Web\angular\src\app\shared\components\gf-card-comment-preview\gf-card-comment-preview.component.html", "HTML", 0, 0, 0, 43, 0, 0, 0, 0, 4, 11, 58
"c:\Users\gonca\Desktop\Gofish-Web\angular\src\app\shared\components\gf-card-comment-preview\gf-card-comment-preview.component.ts", "TypeScript", 0, 0, 41, 0, 0, 0, 0, 0, 0, 7, 48
"c:\Users\gonca\Desktop\Gofish-Web\angular\src\app\shared\components\gf-card-pin-preview\gf-card-pin-preview.component.css", "PostCSS", 0, 0, 0, 0, 112, 0, 0, 0, 0, 32, 144
"c:\Users\gonca\Desktop\Gofish-Web\angular\src\app\shared\components\gf-card-pin-preview\gf-card-pin-preview.component.html", "HTML", 0, 0, 0, 172, 0, 0, 0, 0, 11, 19, 202
"c:\Users\gonca\Desktop\Gofish-Web\angular\src\app\shared\components\gf-card-pin-preview\gf-card-pin-preview.component.ts", "TypeScript", 0, 0, 81, 0, 0, 0, 0, 0, 1, 13, 95
"c:\Users\gonca\Desktop\Gofish-Web\angular\src\app\shared\components\invite-to-groups-modal\invite-to-groups-modal.component.css", "PostCSS", 0, 0, 0, 0, 170, 0, 0, 0, 4, 33, 207
"c:\Users\gonca\Desktop\Gofish-Web\angular\src\app\shared\components\invite-to-groups-modal\invite-to-groups-modal.component.html", "HTML", 0, 0, 0, 61, 0, 0, 0, 0, 1, 6, 68
"c:\Users\gonca\Desktop\Gofish-Web\angular\src\app\shared\components\invite-to-groups-modal\invite-to-groups-modal.component.ts", "TypeScript", 0, 0, 112, 0, 0, 0, 0, 0, 3, 18, 133
"c:\Users\gonca\Desktop\Gofish-Web\angular\src\app\shared\components\loading-error-modal\loading-error-modal.component.css", "PostCSS", 0, 0, 0, 0, 62, 0, 0, 0, 1, 10, 73
"c:\Users\gonca\Desktop\Gofish-Web\angular\src\app\shared\components\loading-error-modal\loading-error-modal.component.html", "HTML", 0, 0, 0, 22, 0, 0, 0, 0, 1, 2, 25
"c:\Users\gonca\Desktop\Gofish-Web\angular\src\app\shared\components\loading-error-modal\loading-error-modal.component.ts", "TypeScript", 0, 0, 27, 0, 0, 0, 0, 0, 1, 8, 36
"c:\Users\gonca\Desktop\Gofish-Web\angular\src\app\shared\components\loading-spinner\loading-spinner.component.css", "PostCSS", 0, 0, 0, 0, 28, 0, 0, 0, 1, 7, 36
"c:\Users\gonca\Desktop\Gofish-Web\angular\src\app\shared\components\loading-spinner\loading-spinner.component.html", "HTML", 0, 0, 0, 12, 0, 0, 0, 0, 1, 2, 15
"c:\Users\gonca\Desktop\Gofish-Web\angular\src\app\shared\components\loading-spinner\loading-spinner.component.ts", "TypeScript", 0, 0, 10, 0, 0, 0, 0, 0, 1, 3, 14
"c:\Users\gonca\Desktop\Gofish-Web\angular\src\app\shared\components\pins-avg-published-chart\pins-avg-published-chart.component.css", "PostCSS", 0, 0, 0, 0, 58, 0, 0, 0, 3, 15, 76
"c:\Users\gonca\Desktop\Gofish-Web\angular\src\app\shared\components\pins-avg-published-chart\pins-avg-published-chart.component.html", "HTML", 0, 0, 0, 26, 0, 0, 0, 0, 0, 3, 29
"c:\Users\gonca\Desktop\Gofish-Web\angular\src\app\shared\components\pins-avg-published-chart\pins-avg-published-chart.component.ts", "TypeScript", 0, 0, 53, 0, 0, 0, 0, 0, 0, 14, 67
"c:\Users\gonca\Desktop\Gofish-Web\angular\src\app\shared\components\pins-per-week\pins-per-week.component.css", "PostCSS", 0, 0, 0, 0, 18, 0, 0, 0, 0, 5, 23
"c:\Users\gonca\Desktop\Gofish-Web\angular\src\app\shared\components\pins-per-week\pins-per-week.component.html", "HTML", 0, 0, 0, 5, 0, 0, 0, 0, 0, 3, 8
"c:\Users\gonca\Desktop\Gofish-Web\angular\src\app\shared\components\pins-per-week\pins-per-week.component.ts", "TypeScript", 0, 0, 98, 0, 0, 0, 0, 0, 0, 12, 110
"c:\Users\gonca\Desktop\Gofish-Web\angular\src\app\shared\components\report-comment\report-comment.component.css", "PostCSS", 0, 0, 0, 0, 134, 0, 0, 0, 0, 26, 160
"c:\Users\gonca\Desktop\Gofish-Web\angular\src\app\shared\components\report-comment\report-comment.component.html", "HTML", 0, 0, 0, 58, 0, 0, 0, 0, 0, 8, 66
"c:\Users\gonca\Desktop\Gofish-Web\angular\src\app\shared\components\report-comment\report-comment.component.ts", "TypeScript", 0, 0, 77, 0, 0, 0, 0, 0, 0, 11, 88
"c:\Users\gonca\Desktop\Gofish-Web\angular\src\app\shared\components\report-pin\report-pin.component.css", "PostCSS", 0, 0, 0, 0, 134, 0, 0, 0, 0, 26, 160
"c:\Users\gonca\Desktop\Gofish-Web\angular\src\app\shared\components\report-pin\report-pin.component.html", "HTML", 0, 0, 0, 64, 0, 0, 0, 0, 0, 13, 77
"c:\Users\gonca\Desktop\Gofish-Web\angular\src\app\shared\components\report-pin\report-pin.component.ts", "TypeScript", 0, 0, 75, 0, 0, 0, 0, 0, 1, 12, 88
"c:\Users\gonca\Desktop\Gofish-Web\angular\src\app\shared\components\user-help-box\user-help-box.component.css", "PostCSS", 0, 0, 0, 0, 45, 0, 0, 0, 0, 11, 56
"c:\Users\gonca\Desktop\Gofish-Web\angular\src\app\shared\components\user-help-box\user-help-box.component.html", "HTML", 0, 0, 0, 37, 0, 0, 0, 0, 4, 8, 49
"c:\Users\gonca\Desktop\Gofish-Web\angular\src\app\shared\components\user-help-box\user-help-box.component.ts", "TypeScript", 0, 0, 12, 0, 0, 0, 0, 0, 0, 4, 16
"c:\Users\gonca\Desktop\Gofish-Web\angular\src\app\shared\components\user-rank-icon\user-rank-icon.component.css", "PostCSS", 0, 0, 0, 0, 35, 0, 0, 0, 1, 7, 43
"c:\Users\gonca\Desktop\Gofish-Web\angular\src\app\shared\components\user-rank-icon\user-rank-icon.component.html", "HTML", 0, 0, 0, 0, 0, 0, 0, 0, 1, 1, 2
"c:\Users\gonca\Desktop\Gofish-Web\angular\src\app\shared\components\user-rank-icon\user-rank-icon.component.ts", "TypeScript", 0, 0, 19, 0, 0, 0, 0, 0, 1, 3, 23
"c:\Users\gonca\Desktop\Gofish-Web\angular\src\app\shared\components\user-satisfaction-index\user-satisfaction-index.component.css", "PostCSS", 0, 0, 0, 0, 135, 0, 0, 0, 8, 28, 171
"c:\Users\gonca\Desktop\Gofish-Web\angular\src\app\shared\components\user-satisfaction-index\user-satisfaction-index.component.html", "HTML", 0, 0, 0, 76, 0, 0, 0, 0, 0, 16, 92
"c:\Users\gonca\Desktop\Gofish-Web\angular\src\app\shared\components\user-satisfaction-index\user-satisfaction-index.component.ts", "TypeScript", 0, 0, 21, 0, 0, 0, 0, 0, 0, 7, 28
"c:\Users\gonca\Desktop\Gofish-Web\angular\src\app\shared\components\user-title\user-title.component.css", "PostCSS", 0, 0, 0, 0, 52, 0, 0, 0, 1, 7, 60
"c:\Users\gonca\Desktop\Gofish-Web\angular\src\app\shared\components\user-title\user-title.component.html", "HTML", 0, 0, 0, 5, 0, 0, 0, 0, 1, 2, 8
"c:\Users\gonca\Desktop\Gofish-Web\angular\src\app\shared\components\user-title\user-title.component.ts", "TypeScript", 0, 0, 10, 0, 0, 0, 0, 0, 1, 3, 14
"c:\Users\gonca\Desktop\Gofish-Web\angular\src\app\shared\components\users-chart\users-chart.component.css", "PostCSS", 0, 0, 0, 0, 11, 0, 0, 0, 0, 2, 13
"c:\Users\gonca\Desktop\Gofish-Web\angular\src\app\shared\components\users-chart\users-chart.component.html", "HTML", 0, 0, 0, 5, 0, 0, 0, 0, 0, 1, 6
"c:\Users\gonca\Desktop\Gofish-Web\angular\src\app\shared\components\users-chart\users-chart.component.ts", "TypeScript", 0, 0, 87, 0, 0, 0, 0, 0, 1, 16, 104
"c:\Users\gonca\Desktop\Gofish-Web\angular\src\app\shared\components\verify-twofa-container\verify-twofa-container.component.css", "PostCSS", 0, 0, 0, 0, 23, 0, 0, 0, 1, 5, 29
"c:\Users\gonca\Desktop\Gofish-Web\angular\src\app\shared\components\verify-twofa-container\verify-twofa-container.component.html", "HTML", 0, 0, 0, 7, 0, 0, 0, 0, 1, 2, 10
"c:\Users\gonca\Desktop\Gofish-Web\angular\src\app\shared\components\verify-twofa-container\verify-twofa-container.component.ts", "TypeScript", 0, 0, 60, 0, 0, 0, 0, 0, 1, 10, 71
"c:\Users\gonca\Desktop\Gofish-Web\angular\src\app\shared\constants\index.ts", "TypeScript", 0, 0, 125, 0, 0, 0, 0, 0, 9, 22, 156
"c:\Users\gonca\Desktop\Gofish-Web\angular\src\app\shared\core\busy-state.ts", "TypeScript", 0, 0, 19, 0, 0, 0, 0, 0, 1, 8, 28
"c:\Users\gonca\Desktop\Gofish-Web\angular\src\app\shared\core\gofish-validators.ts", "TypeScript", 0, 0, 40, 0, 0, 0, 0, 0, 12, 11, 63
"c:\Users\gonca\Desktop\Gofish-Web\angular\src\app\shared\core\loading-state.ts", "TypeScript", 0, 0, 28, 0, 0, 0, 0, 0, 0, 9, 37
"c:\Users\gonca\Desktop\Gofish-Web\angular\src\app\shared\core\modal-controller.ts", "TypeScript", 0, 0, 15, 0, 0, 0, 0, 0, 28, 8, 51
"c:\Users\gonca\Desktop\Gofish-Web\angular\src\app\shared\core\popover-controller.ts", "TypeScript", 0, 0, 12, 0, 0, 0, 0, 0, 15, 7, 34
"c:\Users\gonca\Desktop\Gofish-Web\angular\src\app\shared\core\popup-controller.ts", "TypeScript", 0, 0, 11, 0, 0, 0, 0, 0, 6, 6, 23
"c:\Users\gonca\Desktop\Gofish-Web\angular\src\app\shared\core\problem-details.ts", "TypeScript", 0, 0, 33, 0, 0, 0, 0, 0, 1, 6, 40
"c:\Users\gonca\Desktop\Gofish-Web\angular\src\app\shared\core\reactive-forms-controller.ts", "TypeScript", 0, 0, 70, 0, 0, 0, 0, 0, 6, 15, 91
"c:\Users\gonca\Desktop\Gofish-Web\angular\src\app\shared\directives\click-outside.directive.ts", "TypeScript", 0, 0, 14, 0, 0, 0, 0, 0, 1, 5, 20
"c:\Users\gonca\Desktop\Gofish-Web\angular\src\app\shared\directives\letters-only.directive.ts", "TypeScript", 0, 0, 20, 0, 0, 0, 0, 0, 1, 4, 25
"c:\Users\gonca\Desktop\Gofish-Web\angular\src\app\shared\directives\mouse-follow.directive.ts", "TypeScript", 0, 0, 41, 0, 0, 0, 0, 0, 0, 13, 54
"c:\Users\gonca\Desktop\Gofish-Web\angular\src\app\shared\directives\numbers-only.directive.ts", "TypeScript", 0, 0, 12, 0, 0, 0, 0, 0, 1, 3, 16
"c:\Users\gonca\Desktop\Gofish-Web\angular\src\app\shared\dtos\auth.dto.ts", "TypeScript", 0, 0, 31, 0, 0, 0, 0, 0, 2, 9, 42
"c:\Users\gonca\Desktop\Gofish-Web\angular\src\app\shared\dtos\enum.dto.ts", "TypeScript", 0, 0, 5, 0, 0, 0, 0, 0, 0, 1, 6
"c:\Users\gonca\Desktop\Gofish-Web\angular\src\app\shared\dtos\get-feed.dto.ts", "TypeScript", 0, 0, 12, 0, 0, 0, 0, 0, 0, 3, 15
"c:\Users\gonca\Desktop\Gofish-Web\angular\src\app\shared\dtos\get-post.dto.ts", "TypeScript", 0, 0, 72, 0, 0, 0, 0, 0, 5, 16, 93
"c:\Users\gonca\Desktop\Gofish-Web\angular\src\app\shared\dtos\group.dto.ts", "TypeScript", 0, 0, 144, 0, 0, 0, 0, 0, 7, 29, 180
"c:\Users\gonca\Desktop\Gofish-Web\angular\src\app\shared\dtos\members.dto.ts", "TypeScript", 0, 0, 5, 0, 0, 0, 0, 0, 0, 1, 6
"c:\Users\gonca\Desktop\Gofish-Web\angular\src\app\shared\dtos\pin.dto.ts", "TypeScript", 0, 0, 267, 0, 0, 0, 0, 0, 10, 50, 327
"c:\Users\gonca\Desktop\Gofish-Web\angular\src\app\shared\dtos\report.dto.ts", "TypeScript", 0, 0, 51, 0, 0, 0, 0, 0, 0, 11, 62
"c:\Users\gonca\Desktop\Gofish-Web\angular\src\app\shared\dtos\stats.dto.ts", "TypeScript", 0, 0, 57, 0, 0, 0, 0, 0, 1, 16, 74
"c:\Users\gonca\Desktop\Gofish-Web\angular\src\app\shared\dtos\user-account.dto.ts", "TypeScript", 0, 0, 5, 0, 0, 0, 0, 0, 1, 2, 8
"c:\Users\gonca\Desktop\Gofish-Web\angular\src\app\shared\dtos\user-profile.dto.ts", "TypeScript", 0, 0, 52, 0, 0, 0, 0, 0, 8, 11, 71
"c:\Users\gonca\Desktop\Gofish-Web\angular\src\app\shared\dtos\user-security.dto.ts", "TypeScript", 0, 0, 67, 0, 0, 0, 0, 0, 11, 17, 95
"c:\Users\gonca\Desktop\Gofish-Web\angular\src\app\shared\dtos\user.dto.ts", "TypeScript", 0, 0, 156, 0, 0, 0, 0, 0, 8, 30, 194
"c:\Users\gonca\Desktop\Gofish-Web\angular\src\app\shared\dtos\vote-post.dto.ts", "TypeScript", 0, 0, 6, 0, 0, 0, 0, 0, 0, 3, 9
"c:\Users\gonca\Desktop\Gofish-Web\angular\src\app\shared\enums\access-difficulty.enums.ts", "TypeScript", 0, 0, 7, 0, 0, 0, 0, 0, 0, 1, 8
"c:\Users\gonca\Desktop\Gofish-Web\angular\src\app\shared\enums\bait.enums.ts", "TypeScript", 0, 0, 22, 0, 0, 0, 0, 0, 1, 3, 26
"c:\Users\gonca\Desktop\Gofish-Web\angular\src\app\shared\enums\comment-report-reason.enum.ts", "TypeScript", 0, 0, 14, 0, 0, 0, 0, 0, 0, 2, 16
"c:\Users\gonca\Desktop\Gofish-Web\angular\src\app\shared\enums\feed-kind.enum.ts", "TypeScript", 0, 0, 5, 0, 0, 0, 0, 0, 0, 1, 6
"c:\Users\gonca\Desktop\Gofish-Web\angular\src\app\shared\enums\friendship-state.enum.ts", "TypeScript", 0, 0, 5, 0, 0, 0, 0, 0, 1, 2, 8
"c:\Users\gonca\Desktop\Gofish-Web\angular\src\app\shared\enums\gender.enum.ts", "TypeScript", 0, 0, 5, 0, 0, 0, 0, 0, 1, 2, 8
"c:\Users\gonca\Desktop\Gofish-Web\angular\src\app\shared\enums\group-role.enum.ts", "TypeScript", 0, 0, 5, 0, 0, 0, 0, 0, 1, 2, 8
"c:\Users\gonca\Desktop\Gofish-Web\angular\src\app\shared\enums\pin-report-reason.enum.ts", "TypeScript", 0, 0, 24, 0, 0, 0, 0, 0, 0, 2, 26
"c:\Users\gonca\Desktop\Gofish-Web\angular\src\app\shared\enums\seabed.enum.ts", "TypeScript", 0, 0, 15, 0, 0, 0, 0, 0, 0, 1, 16
"c:\Users\gonca\Desktop\Gofish-Web\angular\src\app\shared\enums\species.enum.ts", "TypeScript", 0, 0, 48, 0, 0, 0, 0, 0, 1, 3, 52
"c:\Users\gonca\Desktop\Gofish-Web\angular\src\app\shared\enums\two-factor-method.enum.ts", "TypeScript", 0, 0, 6, 0, 0, 0, 0, 0, 2, 3, 11
"c:\Users\gonca\Desktop\Gofish-Web\angular\src\app\shared\enums\visibility-level.enum.ts", "TypeScript", 0, 0, 6, 0, 0, 0, 0, 0, 0, 1, 7
"c:\Users\gonca\Desktop\Gofish-Web\angular\src\app\shared\enums\vote-kind.enum.ts", "TypeScript", 0, 0, 4, 0, 0, 0, 0, 0, 0, 1, 5
"c:\Users\gonca\Desktop\Gofish-Web\angular\src\app\shared\enums\warning-kind.enum.ts", "TypeScript", 0, 0, 10, 0, 0, 0, 0, 0, 0, 1, 11
"c:\Users\gonca\Desktop\Gofish-Web\angular\src\app\shared\guards\admin.guard.ts", "TypeScript", 0, 0, 7, 0, 0, 0, 0, 0, 0, 2, 9
"c:\Users\gonca\Desktop\Gofish-Web\angular\src\app\shared\guards\auth.guard.ts", "TypeScript", 0, 0, 7, 0, 0, 0, 0, 0, 0, 2, 9
"c:\Users\gonca\Desktop\Gofish-Web\angular\src\app\shared\guards\no-totp.guard.ts", "TypeScript", 0, 0, 14, 0, 0, 0, 0, 0, 0, 2, 16
"c:\Users\gonca\Desktop\Gofish-Web\angular\src\app\shared\interceptors\auth.interceptor.ts", "TypeScript", 0, 0, 25, 0, 0, 0, 0, 0, 3, 4, 32
"c:\Users\gonca\Desktop\Gofish-Web\angular\src\app\shared\models\coords.model.ts", "TypeScript", 0, 0, 4, 0, 0, 0, 0, 0, 0, 1, 5
"c:\Users\gonca\Desktop\Gofish-Web\angular\src\app\shared\models\jwt.model.ts", "TypeScript", 0, 0, 33, 0, 0, 0, 0, 0, 0, 8, 41
"c:\Users\gonca\Desktop\Gofish-Web\angular\src\app\shared\models\modal.model.ts", "TypeScript", 0, 0, 5, 0, 0, 0, 0, 0, 2, 3, 10
"c:\Users\gonca\Desktop\Gofish-Web\angular\src\app\shared\models\pin.model.ts", "TypeScript", 0, 0, 14, 0, 0, 0, 0, 0, 0, 2, 16
"c:\Users\gonca\Desktop\Gofish-Web\angular\src\app\shared\models\popup.model.ts", "TypeScript", 0, 0, 11, 0, 0, 0, 0, 0, 11, 5, 27
"c:\Users\gonca\Desktop\Gofish-Web\angular\src\app\shared\models\user-security.models.ts", "TypeScript", 0, 0, 12, 0, 0, 0, 0, 0, 2, 3, 17
"c:\Users\gonca\Desktop\Gofish-Web\angular\src\app\shared\pipes\absolute.pipe.ts", "TypeScript", 0, 0, 9, 0, 0, 0, 0, 0, 1, 3, 13
"c:\Users\gonca\Desktop\Gofish-Web\angular\src\app\shared\pipes\fallback.pipe.ts", "TypeScript", 0, 0, 9, 0, 0, 0, 0, 0, 0, 2, 11
"c:\Users\gonca\Desktop\Gofish-Web\angular\src\app\shared\pipes\first-key.pipe.ts", "TypeScript", 0, 0, 14, 0, 0, 0, 0, 0, 0, 2, 16
"c:\Users\gonca\Desktop\Gofish-Web\angular\src\app\shared\pipes\regex-matches.pipe.ts", "TypeScript", 0, 0, 7, 0, 0, 0, 0, 0, 1, 3, 11
"c:\Users\gonca\Desktop\Gofish-Web\angular\src\app\shared\pipes\time-ago.pipe.ts", "TypeScript", 0, 0, 35, 0, 0, 0, 0, 0, 0, 12, 47
"c:\Users\gonca\Desktop\Gofish-Web\angular\src\app\shared\services\auth.service.ts", "TypeScript", 0, 0, 77, 0, 0, 0, 0, 0, 27, 23, 127
"c:\Users\gonca\Desktop\Gofish-Web\angular\src\app\shared\services\avatar.service.ts", "TypeScript", 0, 0, 8, 0, 0, 0, 0, 0, 0, 2, 10
"c:\Users\gonca\Desktop\Gofish-Web\angular\src\app\shared\services\geolocation.service.ts", "TypeScript", 0, 0, 56, 0, 0, 0, 0, 0, 1, 8, 65
"c:\Users\gonca\Desktop\Gofish-Web\angular\src\app\shared\services\groups.service.ts", "TypeScript", 0, 0, 60, 0, 0, 0, 0, 0, 0, 14, 74
"c:\Users\gonca\Desktop\Gofish-Web\angular\src\app\shared\services\modal.service.ts", "TypeScript", 0, 0, 15, 0, 0, 0, 0, 0, 10, 5, 30
"c:\Users\gonca\Desktop\Gofish-Web\angular\src\app\shared\services\pin.service.ts", "TypeScript", 0, 0, 125, 0, 0, 0, 0, 0, 0, 26, 151
"c:\Users\gonca\Desktop\Gofish-Web\angular\src\app\shared\services\popover.service.ts", "TypeScript", 0, 0, 22, 0, 0, 0, 0, 0, 10, 8, 40
"c:\Users\gonca\Desktop\Gofish-Web\angular\src\app\shared\services\popup.service.ts", "TypeScript", 0, 0, 28, 0, 0, 0, 0, 0, 6, 8, 42
"c:\Users\gonca\Desktop\Gofish-Web\angular\src\app\shared\services\report.service.ts", "TypeScript", 0, 0, 77, 0, 0, 0, 0, 0, 0, 19, 96
"c:\Users\gonca\Desktop\Gofish-Web\angular\src\app\shared\services\stats.service.ts", "TypeScript", 0, 0, 57, 0, 0, 0, 0, 0, 1, 18, 76
"c:\Users\gonca\Desktop\Gofish-Web\angular\src\app\shared\services\user-account.service.ts", "TypeScript", 0, 0, 20, 0, 0, 0, 0, 0, 2, 7, 29
"c:\Users\gonca\Desktop\Gofish-Web\angular\src\app\shared\services\user-manager.service.ts", "TypeScript", 0, 0, 131, 0, 0, 0, 0, 0, 5, 19, 155
"c:\Users\gonca\Desktop\Gofish-Web\angular\src\app\shared\services\user-security.service.ts", "TypeScript", 0, 0, 26, 0, 0, 0, 0, 0, 2, 9, 37
"c:\Users\gonca\Desktop\Gofish-Web\angular\src\environments\environment.development.ts", "TypeScript", 0, 0, 7, 0, 0, 0, 0, 0, 0, 1, 8
"c:\Users\gonca\Desktop\Gofish-Web\angular\src\environments\environment.ts", "TypeScript", 0, 0, 7, 0, 0, 0, 0, 0, 0, 1, 8
"c:\Users\gonca\Desktop\Gofish-Web\angular\src\index.html", "HTML", 0, 0, 0, 18, 0, 0, 0, 0, 0, 1, 19
"c:\Users\gonca\Desktop\Gofish-Web\angular\src\main.ts", "TypeScript", 0, 0, 5, 0, 0, 0, 0, 0, 25, 3, 33
"c:\Users\gonca\Desktop\Gofish-Web\angular\src\styles.css", "PostCSS", 0, 0, 0, 0, 1353, 0, 0, 0, 280, 267, 1900
"c:\Users\gonca\Desktop\Gofish-Web\angular\staticwebapp.config.json", "JSON", 0, 13, 0, 0, 0, 0, 0, 0, 0, 1, 14
"c:\Users\gonca\Desktop\Gofish-Web\angular\tsconfig.app.json", "JSON", 0, 13, 0, 0, 0, 0, 0, 0, 2, 1, 16
"c:\Users\gonca\Desktop\Gofish-Web\angular\tsconfig.json", "JSON with Comments", 30, 0, 0, 0, 0, 0, 0, 0, 2, 1, 33
"c:\Users\gonca\Desktop\Gofish-Web\angular\tsconfig.spec.json", "JSON", 0, 13, 0, 0, 0, 0, 0, 0, 2, 1, 16
"Total", "-", 30, 9618, 10904, 5767, 10768, 36, 985, 533, 4266, 5882, 48789